candidate_id,material_id,composition,parent_structure_id,research_role,selection_category,dft_selection_role,tilt_pattern,nominal_tilt_deg,A_site_ordering,B_site_ordering,space_group,structure_path,ensemble_mean,ensemble_std,parent_decomposition_energy_per_atom,actual_bob_mean_deg,actual_bob_std_deg,bo_length_mean_ang,bo_length_std_ang,minimum_distance_ang,prediction_seed_123,prediction_seed_2026,prediction_seed_3407,prediction_seed_42,prediction_seed_7777
634701f2660f1387211b4aba_p01,634701f2660f1387211b4aba,MgNbCu2O6,634701f1660f1387211b4ab7,development,near_stable_0.05_0.10,parent_reference,original,original,original,original,Pmn2_1,step4/candidates/634701f2660f1387211b4aba_p01.cif,0.0992128685116768,0.015312308445572853,0.087852,132.0398229411044,1.0122708424301101,1.9914742150876574,2.2899070387606756e-05,1.9914497340949735,0.10290664434432983,0.0886836051940918,0.0928233191370964,0.08731754124164581,0.12433323264122009
634701f2660f1387211b4aba_p04,634701f2660f1387211b4aba,MgNbCu2O6,634701f1660f1387211b4ab7,development,near_stable_0.05_0.10,gnn_lowest_energy,a0a0c-,12.0,rocksalt,rocksalt,I-42m,step4/candidates/634701f2660f1387211b4aba_p04.cif,0.142004331946373,0.019194604828953743,0.087852,164.33982190699302,11.073418124154243,1.8426146888884312,0.018314252372197963,1.8167144247989448,0.16371005773544312,0.14173361659049988,0.148263081908226,0.11112989485263824,0.14518500864505768
634701f2660f1387211b4aba_p02,634701f2660f1387211b4aba,MgNbCu2O6,634701f1660f1387211b4ab7,development,near_stable_0.05_0.10,gnn_highest_uncertainty,a0a0a0,0.0,rocksalt,rocksalt,Fm-3m,step4/candidates/634701f2660f1387211b4aba_p02.cif,0.43126870393753053,0.062078509479761124,0.087852,180.0,0.0,1.8167144247989448,3.8459253727671276e-16,1.8167144247989448,0.33576130867004395,0.44406625628471375,0.5086421370506287,0.42591699957847595,0.4419568181037903
634701f2660f1387211b4aba_p10,634701f2660f1387211b4aba,MgNbCu2O6,634701f1660f1387211b4ab7,development,near_stable_0.05_0.10,random_control,a0a0c+,12.0,rocksalt,rocksalt,P4_2/mnm,step4/candidates/634701f2660f1387211b4aba_p10.cif,0.1426434963941574,0.018094168975949287,0.087852,164.33982190699302,11.073418124154243,1.8426146888884312,0.018314252372197963,1.8167144247989448,0.1637452393770218,0.1417309045791626,0.14924532175064087,0.1140654981136322,0.1444305181503296
634702b1660f1387211b508d_p01,634702b1660f1387211b508d,NdZnEuSiO6,634702b1660f1387211b508b,development,unstable_negative_control_gt_0.20,parent_reference,original,original,original,original,Pc,step4/candidates/634702b1660f1387211b508d_p01.cif,0.29556519389152525,0.001665261690504849,0.321056,138.6546648336639,0.8505304163482281,2.0876107524764707,0.31578743163993783,1.7667361472444159,0.2942887842655182,0.2933838963508606,0.296073853969574,0.29681843519210815,0.29726099967956543
634702b1660f1387211b508d_p07,634702b1660f1387211b508d,NdZnEuSiO6,634702b1660f1387211b508b,development,unstable_negative_control_gt_0.20,gnn_lowest_energy,a-a-c+,6.0,rocksalt,rocksalt,Pc,step4/candidates/634702b1660f1387211b508d_p07.cif,0.25306546986103057,0.03043578565120697,0.321056,163.24273266697267,0.021427874922877184,1.975864923902571,0.0012764140729991814,1.9735791781150436,0.20956817269325256,0.27336442470550537,0.28389084339141846,0.2637777328491211,0.2347261756658554
634702b1660f1387211b508d_p03,634702b1660f1387211b508d,NdZnEuSiO6,634702b1660f1387211b508b,development,unstable_negative_control_gt_0.20,gnn_highest_uncertainty,a0a0c-,6.0,rocksalt,rocksalt,I-4,step4/candidates/634702b1660f1387211b508d_p03.cif,0.27771190702915194,0.05891606584191322,0.321056,172.04350774306172,5.626089629339297,1.9618760604604255,0.005020516588277089,1.954775977811165,0.21298342943191528,0.3179345726966858,0.325113445520401,0.31902652978897095,0.21350155770778656
634702b1660f1387211b508d_p09,634702b1660f1387211b508d,NdZnEuSiO6,634702b1660f1387211b508b,development,unstable_negative_control_gt_0.20,random_control,a0a0c+,6.0,rocksalt,rocksalt,P-4n2,step4/candidates/634702b1660f1387211b508d_p09.cif,0.27777976393699644,0.0576653927564621,0.321056,172.04350774306172,5.626089629339297,1.9618760604604255,0.005020516588277089,1.954775977811165,0.21312350034713745,0.3176533579826355,0.32492610812187195,0.31688714027404785,0.21630871295928955
634704d5103349a28b1b6118_p01,634704d5103349a28b1b6118,Gd2FeMgO6,634704d5103349a28b1b6115,development,higher_energy_0.10_0.15,parent_reference,original,original,original,original,P2_1/c,step4/candidates/634704d5103349a28b1b6118_p01.cif,0.07979970127344131,0.04702582582831383,0.130977,147.22518482777767,0.3666642306467228,2.0128430799272787,0.08687202038861117,1.9248513541229568,0.030229151248931885,0.15374711155891418,0.06265269219875336,0.09350670874118805,0.0588628426194191
634704d5103349a28b1b6118_p07,634704d5103349a28b1b6118,Gd2FeMgO6,634704d5103349a28b1b6115,development,higher_energy_0.10_0.15,gnn_lowest_energy,a-a-c+,6.0,rocksalt,rocksalt,P2_1/c,step4/candidates/634704d5103349a28b1b6118_p07.cif,0.05032272487878799,0.026158321648836136,0.130977,163.24273266697267,0.021427874922905658,1.951464820811544,0.0012606515405550757,1.9492073018689693,0.06753797084093094,0.04230883717536926,0.061283014714717865,0.008202314376831055,0.07228148728609085
634704d5103349a28b1b6118_p03,634704d5103349a28b1b6118,Gd2FeMgO6,634704d5103349a28b1b6115,development,higher_energy_0.10_0.15,gnn_highest_uncertainty,a0a0c-,6.0,rocksalt,rocksalt,I4/m,step4/candidates/634704d5103349a28b1b6118_p03.cif,0.08436260223388672,0.06450387835502625,0.130977,172.04350774306172,5.626089629339283,1.9376487068858186,0.004958517855042682,1.9306363036859477,0.05208607017993927,0.18093588948249817,0.10052536427974701,0.006872117519378662,0.08139356970787048
634704d5103349a28b1b6118_p04,634704d5103349a28b1b6118,Gd2FeMgO6,634704d5103349a28b1b6115,development,higher_energy_0.10_0.15,random_control,a0a0c-,12.0,rocksalt,rocksalt,I4/m,step4/candidates/634704d5103349a28b1b6118_p04.cif,0.06891969293355941,0.032050784677267075,0.130977,164.33982190699302,11.073418124154236,1.9581607122796374,0.019462695964746927,1.9306363036859477,0.04209612309932709,0.11859820038080215,0.08108286559581757,0.04245305061340332,0.06036822497844696
63470b2f660f1387211b8cd7_p01,63470b2f660f1387211b8cd7,BaBiCoFeO6,63470b2f660f1387211b8cd6,development,unstable_negative_control_gt_0.20,parent_reference,original,original,original,original,F-43m,step4/candidates/63470b2f660f1387211b8cd7_p01.cif,0.2360094368457794,0.0011943659046664834,0.209532,180.0,0.0,1.9097525,0.016041921000000323,1.8937105789999995,0.23546980321407318,0.23684364557266235,0.23731783032417297,0.23613592982292175,0.23427997529506683
63470b2f660f1387211b8cd7_p10,63470b2f660f1387211b8cd7,BaBiCoFeO6,63470b2f660f1387211b8cd6,development,unstable_negative_control_gt_0.20,gnn_lowest_energy,a0a0c+,12.0,rocksalt,rocksalt,P-4n2,step4/candidates/63470b2f660f1387211b8cd7_p10.cif,0.14035918116569518,0.01986907422542572,0.209532,164.33982190699302,11.073418124154239,1.9369791754864512,0.01925216686563539,1.9097524999999989,0.140253484249115,0.16805115342140198,0.1493680775165558,0.11651630699634552,0.12760688364505768
63470b2f660f1387211b8cd7_p04,63470b2f660f1387211b8cd7,BaBiCoFeO6,63470b2f660f1387211b8cd6,development,unstable_negative_control_gt_0.20,gnn_highest_uncertainty,a0a0c-,12.0,rocksalt,rocksalt,I-4,step4/candidates/63470b2f660f1387211b8cd7_p04.cif,0.14099044501781463,0.019190162420272827,0.209532,164.33982190699305,11.073418124154239,1.9369791754864514,0.01925216686563539,1.9097524999999989,0.14113661646842957,0.16800236701965332,0.14929789304733276,0.11848965287208557,0.12802569568157196
63470b2f660f1387211b8cd7_p06,63470b2f660f1387211b8cd7,BaBiCoFeO6,63470b2f660f1387211b8cd6,development,unstable_negative_control_gt_0.20,random_control,a-a-a-,12.0,rocksalt,rocksalt,R3,step4/candidates/63470b2f660f1387211b8cd7_p06.cif,0.15078651607036592,0.013212954625487328,0.209532,147.90458638315906,0.2746014830978236,1.9871943525704687,0.009621473094514048,1.9706787892224333,0.14433124661445618,0.15013059973716736,0.16535617411136627,0.16148188710212708,0.13263267278671265
63470f25660f1387211ba8ff_p01,63470f25660f1387211ba8ff,GdInCoVO6,63470f25660f1387211ba8fd,development,near_stable_0.05_0.10,parent_reference,original,original,original,original,P-1,step4/candidates/63470f25660f1387211ba8ff_p01.cif,0.11144162565469742,0.02821926958858967,0.0892338,142.62749759829043,0.45089600539897157,2.016100040900596,0.08235771875894252,1.9318621375542133,0.09999915212392807,0.0938587486743927,0.08591847121715546,0.12130869925022125,0.1561230570077896
63470f25660f1387211ba8ff_p07,63470f25660f1387211ba8ff,GdInCoVO6,63470f25660f1387211ba8fd,development,near_stable_0.05_0.10,gnn_lowest_energy,a-a-c+,6.0,rocksalt,rocksalt,Pc,step4/candidates/63470f25660f1387211ba8ff_p07.cif,0.14038827270269394,0.02994522824883461,0.0892338,163.24273266697267,0.021427874922895607,1.9295839026420083,0.0012465164083688626,1.927351696268086,0.1546512097120285,0.11623955518007278,0.10303449630737305,0.15198343992233276,0.1760326623916626
63470f25660f1387211ba8ff_p05,63470f25660f1387211ba8ff,GdInCoVO6,63470f25660f1387211ba8fd,development,near_stable_0.05_0.10,gnn_highest_uncertainty,a-a-a-,6.0,rocksalt,rocksalt,R3,step4/candidates/63470f25660f1387211ba8ff_p05.cif,0.1705007016658783,0.04446284472942352,0.0892338,163.27292765074517,0.0369812312576523,1.929509154940954,0.0012487438267723427,1.927351696268086,0.1520126909017563,0.12608690559864044,0.1551600694656372,0.24351227283477783,0.1757315695285797
63470f25660f1387211ba8ff_p03,63470f25660f1387211ba8ff,GdInCoVO6,63470f25660f1387211ba8fd,development,near_stable_0.05_0.10,random_control,a0a0c-,6.0,rocksalt,rocksalt,I-4,step4/candidates/63470f25660f1387211ba8ff_p03.cif,0.1609353393316269,0.02254512906074524,0.0892338,172.04350774306172,5.626089629339291,1.915922702735232,0.004902920171563457,1.908988926533374,0.19206032156944275,0.1459830105304718,0.1346493661403656,0.17301705479621887,0.15896694362163544
63470f75660f1387211bab33_p01,63470f75660f1387211bab33,EuGdSbWO6,63470f75660f1387211bab32,development,higher_energy_0.10_0.15,parent_reference,original,original,original,original,Pc,step4/candidates/63470f75660f1387211bab33_p01.cif,0.2146001398563385,0.04530319944024086,0.123133,146.3315511399411,0.3423978997355366,2.1205455537806044,0.11968122664436096,1.9998546362049332,0.14567510783672333,0.23975814878940582,0.19200322031974792,0.25530630350112915,0.24025791883468628
63470f75660f1387211bab33_p08,63470f75660f1387211bab33,EuGdSbWO6,63470f75660f1387211bab32,development,higher_energy_0.10_0.15,gnn_lowest_energy,a-a-c+,12.0,rocksalt,rocksalt,Pc,step4/candidates/63470f75660f1387211bab33_p08.cif,0.24379814863204957,0.05648523196578026,0.123133,147.6803782193958,0.15996160109568003,2.11275002561884,0.01015558818360605,2.0940123999207216,0.1903194785118103,0.25050342082977295,0.18328934907913208,0.3122943341732025,0.28258416056632996
63470f75660f1387211bab33_p09,63470f75660f1387211bab33,EuGdSbWO6,63470f75660f1387211bab32,development,higher_energy_0.10_0.15,gnn_highest_uncertainty,a0a0c+,6.0,rocksalt,rocksalt,P-4n2,step4/candidates/63470f75660f1387211bab33_p09.cif,0.3090206503868103,0.07042726874351501,0.123133,172.04350774306172,5.626089629339273,2.0366437486777884,0.005211849989263847,2.0292730797379175,0.20740291476249695,0.36167073249816895,0.2640252113342285,0.3683043122291565,0.3437000811100006
63470f75660f1387211bab33_p02,63470f75660f1387211bab33,EuGdSbWO6,63470f75660f1387211bab32,development,higher_energy_0.10_0.15,random_control,a0a0a0,0.0,rocksalt,rocksalt,F-43m,step4/candidates/63470f75660f1387211bab33_p02.cif,0.38886926174163816,0.06096046045422554,0.123133,180.0,0.0,2.0292730797379175,7.021666937153402e-16,2.0292730797379175,0.2896959185600281,0.39215707778930664,0.3848525881767273,0.4412892758846283,0.4363514482975006
63470faf103349a28b1bb3e6_p01,63470faf103349a28b1bb3e6,BaEuCoGaO6,63470faf103349a28b1bb3e3,development,unstable_negative_control_gt_0.20,parent_reference,original,original,original,original,F-43m,step4/candidates/63470faf103349a28b1bb3e6_p01.cif,0.2465916633605957,0.0014122307766228914,0.2301,180.0,0.0,1.9282465000000002,0.058233044299999925,1.8700134556999997,0.2489253729581833,0.24578939378261566,0.24620282649993896,0.24528422951698303,0.24675649404525757
63470faf103349a28b1bb3e6_p08,63470faf103349a28b1bb3e6,BaEuCoGaO6,63470faf103349a28b1bb3e3,development,unstable_negative_control_gt_0.20,gnn_lowest_energy,a-a-c+,12.0,rocksalt,rocksalt,Pc,step4/candidates/63470faf103349a28b1bb3e6_p08.cif,0.21659748256206512,0.021605707705020905,0.2301,147.68037821939575,0.1599616010956708,2.0075675782386995,0.00964999613211685,1.9897627980287473,0.21142300963401794,0.18568089604377747,0.24404872953891754,0.22776289284229279,0.21407188475131989
63470faf103349a28b1bb3e6_p03,63470faf103349a28b1bb3e6,BaEuCoGaO6,63470faf103349a28b1bb3e3,development,unstable_negative_control_gt_0.20,gnn_highest_uncertainty,a0a0c-,6.0,rocksalt,rocksalt,I-4,step4/candidates/63470faf103349a28b1bb3e6_p03.cif,0.23497416079044342,0.03913630545139313,0.2301,172.04350774306172,5.626089629339293,1.9352502230217432,0.004952380042227215,1.9282464999999993,0.24121081829071045,0.22024276852607727,0.29607897996902466,0.22807249426841736,0.18926574289798737
63470faf103349a28b1bb3e6_p05,63470faf103349a28b1bb3e6,BaEuCoGaO6,63470faf103349a28b1bb3e3,development,unstable_negative_control_gt_0.20,random_control,a-a-a-,6.0,rocksalt,rocksalt,R3,step4/candidates/63470faf103349a28b1bb3e6_p05.cif,0.2310206651687622,0.02455121837556362,0.2301,163.27292765074517,0.03698123125765374,1.94897373317362,0.001261340953790886,1.94679451040442,0.21953216195106506,0.21170178055763245,0.2724325358867645,0.23392432928085327,0.21751251816749573
634710ae103349a28b1bbc25_p01,634710ae103349a28b1bbc25,LaYMgTiO6,634710ae103349a28b1bbc22,development,stable_positive_control_le_0.03,parent_reference,original,original,original,original,P-1,step4/candidates/634710ae103349a28b1bbc25_p01.cif,0.028373107314109802,0.0010764050530269742,0.027701,149.17067036685964,0.27164114285962077,2.0321896811508364,0.06717572737183487,1.964147023244998,0.030139192938804626,0.02836872637271881,0.02752891182899475,0.028351351618766785,0.027477353811264038
634710ae103349a28b1bbc25_p07,634710ae103349a28b1bbc25,LaYMgTiO6,634710ae103349a28b1bbc22,development,stable_positive_control_le_0.03,gnn_lowest_energy,a-a-c+,6.0,rocksalt,rocksalt,Pc,step4/candidates/634710ae103349a28b1bbc25_p07.cif,0.03096257746219635,0.004578642547130585,0.027701,163.24273266697267,0.021427874922887235,1.9798334013146324,0.0012789777201171037,1.9775430646613943,0.03517967462539673,0.02563987672328949,0.026347294449806213,0.03401757776737213,0.03362846374511719
634710ae103349a28b1bbc25_p11,634710ae103349a28b1bbc25,LaYMgTiO6,634710ae103349a28b1bbc22,development,stable_positive_control_le_0.03,gnn_highest_uncertainty,a0a0a0_ordering_control,0.0,layered,rocksalt,P4/nmm,step4/candidates/634710ae103349a28b1bbc25_p11.cif,0.13610385954380036,0.027541063725948334,0.027701,180.0,0.0,1.9587020985797157,0.0,1.9587020985797157,0.1771436631679535,0.1110391765832901,0.11311997473239899,0.14879292249679565,0.13042356073856354
634710ae103349a28b1bbc25_p06,634710ae103349a28b1bbc25,LaYMgTiO6,634710ae103349a28b1bbc22,development,stable_positive_control_le_0.03,random_control,a-a-a-,12.0,rocksalt,rocksalt,R3,step4/candidates/634710ae103349a28b1bbc25_p06.cif,0.039031976461410524,0.0040126461535692215,0.027701,147.904586383159,0.274601483097825,2.0381288929667782,0.009868084760539561,2.0211900128820433,0.04328599572181702,0.04311811923980713,0.03608447313308716,0.0345490425825119,0.03812225162982941
634710ef660f1387211bb457_p01,634710ef660f1387211bb457,MgSmCuSiO6,634710ef660f1387211bb456,development,unstable_negative_control_gt_0.20,parent_reference,original,original,original,original,Pc,step4/candidates/634710ef660f1387211bb457_p01.cif,0.2117518812417984,0.0012167643290013075,0.211729,159.01421966241648,0.10380372609673175,1.8827052218377096,0.10860316265031607,1.773953804147914,0.2122255265712738,0.2121441513299942,0.21286097168922424,0.21185144782066345,0.2096773087978363
634710ef660f1387211bb457_p07,634710ef660f1387211bb457,MgSmCuSiO6,634710ef660f1387211bb456,development,unstable_negative_control_gt_0.20,gnn_lowest_energy,a-a-c+,6.0,rocksalt,rocksalt,Pc,step4/candidates/634710ef660f1387211bb457_p07.cif,0.2046774983406067,0.008865748532116413,0.211729,163.24273266697267,0.021427874922883047,1.8712091590225768,0.001208806166457665,1.8690444824796224,0.1922491192817688,0.20124810934066772,0.21412913501262665,0.2122582346200943,0.20350289344787598
634710ef660f1387211bb457_p05,634710ef660f1387211bb457,MgSmCuSiO6,634710ef660f1387211bb456,development,unstable_negative_control_gt_0.20,gnn_highest_uncertainty,a-a-a-,6.0,rocksalt,rocksalt,R3,step4/candidates/634710ef660f1387211bb457_p05.cif,0.21607568562030793,0.03694923222064972,0.211729,163.27292765074517,0.03698123125767115,1.871136672626605,0.001210966199878262,1.8690444824796224,0.19371868669986725,0.1961044818162918,0.22145846486091614,0.27842801809310913,0.19066877663135529
634710ef660f1387211bb457_p02,634710ef660f1387211bb457,MgSmCuSiO6,634710ef660f1387211bb456,development,unstable_negative_control_gt_0.20,random_control,a0a0a0,0.0,rocksalt,rocksalt,F-43m,step4/candidates/634710ef660f1387211bb457_p02.cif,0.41050730347633363,0.025395488366484642,0.211729,180.0,0.0,1.8512372324991642,2.7194799110210365e-16,1.8512372324991637,0.4145730137825012,0.373381108045578,0.39852145314216614,0.4293840825557709,0.43667685985565186
6347130f660f1387211bc0d3_p01,6347130f660f1387211bc0d3,SrTbLiWO6,6347130f660f1387211bc0d2,development,stable_positive_control_le_0.03,parent_reference,original,original,original,original,Pc,step4/candidates/6347130f660f1387211bc0d3_p01.cif,0.012556841969490052,0.0014211657689884305,0.00940281,152.94016267302376,0.1979543155844215,2.022919178738696,0.10602230703391706,1.9164163807017172,0.013291493058204651,0.011000752449035645,0.011152565479278564,0.013091415166854858,0.014247983694076538
6347130f660f1387211bc0d3_p07,6347130f660f1387211bc0d3,SrTbLiWO6,6347130f660f1387211bc0d2,development,stable_positive_control_le_0.03,gnn_lowest_energy,a-a-c+,6.0,rocksalt,rocksalt,Pc,step4/candidates/6347130f660f1387211bc0d3_p07.cif,0.0404686227440834,0.010685594752430916,0.00940281,163.24273266697273,0.021427874922883883,1.987880624131308,0.0012841762477730388,1.9855809781849942,0.02822422981262207,0.03880643844604492,0.04236902296543121,0.05715707689523697,0.03578634560108185
6347130f660f1387211bc0d3_p05,6347130f660f1387211bc0d3,SrTbLiWO6,6347130f660f1387211bc0d2,development,stable_positive_control_le_0.03,gnn_highest_uncertainty,a-a-a-,6.0,rocksalt,rocksalt,R3,step4/candidates/6347130f660f1387211bc0d3_p05.cif,0.05643628835678101,0.025430548936128616,0.00940281,163.27292765074517,0.03698123125764362,1.9878036181475718,0.0012864709610943973,1.9855809781849942,0.03186972439289093,0.0446527898311615,0.09502159804105759,0.06860700994729996,0.042030319571495056
6347130f660f1387211bc0d3_p02,6347130f660f1387211bc0d3,SrTbLiWO6,6347130f660f1387211bc0d2,development,stable_positive_control_le_0.03,random_control,a0a0a0,0.0,rocksalt,rocksalt,F-43m,step4/candidates/6347130f660f1387211bc0d3_p02.cif,0.1455097332596779,0.02298627234995365,0.00940281,180.0,0.0,1.9666634311889617,3.8459253727671276e-16,1.9666634311889615,0.15449942648410797,0.11264681071043015,0.16830135881900787,0.16075845062732697,0.13134261965751648
634713d2103349a28b1bd72e_p01,634713d2103349a28b1bd72e,CrEuAlSbO6,634713d2103349a28b1bd72b,development,high_uncertainty,parent_reference,original,original,original,original,Cm,step4/candidates/634713d2103349a28b1bd72e_p01.cif,0.33434346318244934,0.07038648426532745,0.324645,176.28470515117098,0.6496020542349424,1.9288980969254144,0.05292462744481672,1.875831966532011,0.3374481797218323,0.3927328586578369,0.41425907611846924,0.2610686719417572,0.2662085294723511
634713d2103349a28b1bd72e_p07,634713d2103349a28b1bd72e,CrEuAlSbO6,634713d2103349a28b1bd72b,development,high_uncertainty,gnn_lowest_energy,a-a-c+,6.0,rocksalt,rocksalt,Pc,step4/candidates/634713d2103349a28b1bd72e_p07.cif,0.25106506049633026,0.01404562033712864,0.324645,163.24273266697273,0.02142787492286546,1.9486523964333191,0.0012588347068171132,1.9463981309961327,0.2618514597415924,0.22761264443397522,0.24873273074626923,0.2601199746131897,0.25700849294662476
634713d2103349a28b1bd72e_p11,634713d2103349a28b1bd72e,CrEuAlSbO6,634713d2103349a28b1bd72b,development,high_uncertainty,gnn_highest_uncertainty,a0a0a0_ordering_control,0.0,layered,rocksalt,P4/nmm,step4/candidates/634713d2103349a28b1bd72e_p11.cif,0.4273770093917847,0.05716678500175476,0.324645,180.0,0.0,1.9278538970813983,0.0,1.9278538970813983,0.4934043884277344,0.4605036675930023,0.43793055415153503,0.3452659249305725,0.3997805118560791
634713d2103349a28b1bd72e_p02,634713d2103349a28b1bd72e,CrEuAlSbO6,634713d2103349a28b1bd72b,development,high_uncertainty,random_control,a0a0a0,0.0,rocksalt,rocksalt,F-43m,step4/candidates/634713d2103349a28b1bd72e_p02.cif,0.438771116733551,0.05690569430589676,0.324645,180.0,0.0,1.9278538970813983,0.0,1.9278538970813983,0.48886704444885254,0.47152015566825867,0.46555468440055847,0.3475950360298157,0.4203186631202698
634d89f7d6d16c71eb0d3b4f_p01,634d89f7d6d16c71eb0d3b4f,BaSnTbTiO6,634d89f6d6d16c71eb0d3b4e,development,high_uncertainty,parent_reference,original,original,original,original,Cm,step4/candidates/634d89f7d6d16c71eb0d3b4f_p01.cif,0.34807186126708983,0.06934802979230881,0.225032,175.8106707944702,0.7303463051117648,2.055311086603398,0.09099489243167101,1.964010456062434,0.3582415282726288,0.3351001441478729,0.32525092363357544,0.45605647563934326,0.2657102346420288
634d89f7d6d16c71eb0d3b4f_p07,634d89f7d6d16c71eb0d3b4f,BaSnTbTiO6,634d89f6d6d16c71eb0d3b4e,development,high_uncertainty,gnn_lowest_energy,a-a-c+,6.0,rocksalt,rocksalt,Pc,step4/candidates/634d89f7d6d16c71eb0d3b4f_p07.cif,0.22557404041290283,0.03581748902797699,0.225032,163.24273266697267,0.021427874922867136,2.0760566216107796,0.0013411381801007212,2.073654970758988,0.1886938363313675,0.23138877749443054,0.23275591433048248,0.27875185012817383,0.19627982378005981
634d89f7d6d16c71eb0d3b4f_p02,634d89f7d6d16c71eb0d3b4f,BaSnTbTiO6,634d89f6d6d16c71eb0d3b4e,development,high_uncertainty,gnn_highest_uncertainty,a0a0a0,0.0,rocksalt,rocksalt,F-43m,step4/candidates/634d89f7d6d16c71eb0d3b4f_p02.cif,0.425778329372406,0.06515586376190186,0.225032,180.0,0.0,2.0538983021597814,9.42055475210265e-16,2.05389830215978,0.47812309861183167,0.36940211057662964,0.42293819785118103,0.5034812688827515,0.35494697093963623
634d89f7d6d16c71eb0d3b4f_p11,634d89f7d6d16c71eb0d3b4f,BaSnTbTiO6,634d89f6d6d16c71eb0d3b4e,development,high_uncertainty,random_control,a0a0a0_ordering_control,0.0,layered,rocksalt,P4/nmm,step4/candidates/634d89f7d6d16c71eb0d3b4f_p11.cif,0.38941146731376647,0.05456085503101349,0.225032,180.0,0.0,2.0538983021597814,9.42055475210265e-16,2.05389830215978,0.43099281191825867,0.3538937568664551,0.39798325300216675,0.44818633794784546,0.31600117683410645
634d8de349b0ce94eb0d4011_p01,634d8de349b0ce94eb0d4011,SmSrInZrO6,634d8de349b0ce94eb0d400d,development,stable_positive_control_le_0.03,parent_reference,original,original,original,original,Pc,step4/candidates/634d8de349b0ce94eb0d4011_p01.cif,0.02142428457736969,0.0017856175545603037,0.0234591,145.9985157676764,0.3486402161558211,2.118203059105563,0.04011164769742229,2.0778019348215984,0.024371087551116943,0.020602449774742126,0.021449729800224304,0.019613593816757202,0.021084561944007874
634d8de349b0ce94eb0d4011_p07,634d8de349b0ce94eb0d4011,SmSrInZrO6,634d8de349b0ce94eb0d400d,development,stable_positive_control_le_0.03,gnn_lowest_energy,a-a-c+,6.0,rocksalt,rocksalt,Pc,step4/candidates/634d8de349b0ce94eb0d4011_p07.cif,0.03431912213563919,0.011019621044397354,0.0234591,163.24273266697273,0.021427874922878863,2.0467942799049172,0.0013222346283904046,2.0444264806962598,0.038737326860427856,0.022788912057876587,0.03970056772232056,0.022879838943481445,0.04748896509408951
634d8de349b0ce94eb0d4011_p05,634d8de349b0ce94eb0d4011,SmSrInZrO6,634d8de349b0ce94eb0d400d,development,stable_positive_control_le_0.03,gnn_highest_uncertainty,a-a-a-,6.0,rocksalt,rocksalt,R3,step4/candidates/634d8de349b0ce94eb0d4011_p05.cif,0.05723390281200409,0.029829904437065125,0.0234591,163.2729276507452,0.036981231257643604,2.046714991739865,0.0013245973487887855,2.0444264806962598,0.04093010723590851,0.03387194871902466,0.1088004857301712,0.05426432937383652,0.04830264300107956
634d8de349b0ce94eb0d4011_p09,634d8de349b0ce94eb0d4011,SmSrInZrO6,634d8de349b0ce94eb0d400d,development,stable_positive_control_le_0.03,random_control,a0a0c+,6.0,rocksalt,rocksalt,P-4n2,step4/candidates/634d8de349b0ce94eb0d4011_p09.cif,0.04433896988630295,0.016938015818595886,0.0234591,172.04350774306172,5.626089629339303,2.032303245963588,0.005200742475228044,2.0249482854207104,0.06095677614212036,0.02028140425682068,0.05890941619873047,0.035532146692276,0.04601510614156723
634d915949b0ce94eb0d604c_p01,634d915949b0ce94eb0d604c,CeNaMnNbO6,634d915949b0ce94eb0d6049,development,near_stable_0.05_0.10,parent_reference,original,original,original,original,Pc,step4/candidates/634d915949b0ce94eb0d604c_p01.cif,0.07736594825983048,0.015768926590681076,0.0597353,134.99046840658067,0.8031382892634824,2.086921026446421,0.1096934741598671,1.974160250819904,0.0632287934422493,0.07087023556232452,0.07027911394834518,0.07861293852329254,0.10383865982294083
634d915949b0ce94eb0d604c_p10,634d915949b0ce94eb0d604c,CeNaMnNbO6,634d915949b0ce94eb0d6049,development,near_stable_0.05_0.10,gnn_lowest_energy,a0a0c+,12.0,rocksalt,rocksalt,P-4n2,step4/candidates/634d915949b0ce94eb0d604c_p10.cif,0.0892837956547737,0.008601859211921692,0.0597353,164.33982190699302,11.073418124154239,1.953616369223873,0.019417528493711853,1.9261558370802996,0.07930219173431396,0.09046920388936996,0.0939505323767662,0.0822758823633194,0.10042116791009903
634d915949b0ce94eb0d604c_p05,634d915949b0ce94eb0d604c,CeNaMnNbO6,634d915949b0ce94eb0d6049,development,near_stable_0.05_0.10,gnn_highest_uncertainty,a-a-a-,6.0,rocksalt,rocksalt,R3,step4/candidates/634d915949b0ce94eb0d604c_p05.cif,0.09787281155586243,0.022409183904528618,0.0597353,163.2729276507452,0.03698123125765376,1.9468605971635633,0.0012599733699471187,1.9446837371733112,0.07913032174110413,0.09774000942707062,0.1341354250907898,0.07940032333135605,0.09895797818899155
634d915949b0ce94eb0d604c_p08,634d915949b0ce94eb0d604c,CeNaMnNbO6,634d915949b0ce94eb0d6049,development,near_stable_0.05_0.10,random_control,a-a-c+,12.0,rocksalt,rocksalt,Pc,step4/candidates/634d915949b0ce94eb0d604c_p08.cif,0.08937373459339142,0.005970996804535389,0.0597353,147.68037821939575,0.1599616010956633,2.0053909130174135,0.009639533315724088,1.9876054372863126,0.08142510801553726,0.0934256911277771,0.08503790944814682,0.0912177786231041,0.09576218575239182
634d927ed6d16c71eb0d5bc7_p01,634d927ed6d16c71eb0d5bc7,BiLaCoMnO6,634d927ed6d16c71eb0d5bc6,development,high_uncertainty,parent_reference,original,original,original,original,Pc,step4/candidates/634d927ed6d16c71eb0d5bc7_p01.cif,0.21433864533901215,0.06650329381227493,0.224952,134.30148130316226,0.9295049784844676,2.14768925891669,0.049396903997553816,2.0965273839863463,0.20981450378894806,0.30765655636787415,0.24840322136878967,0.16419154405593872,0.14162740111351013
634d927ed6d16c71eb0d5bc7_p07,634d927ed6d16c71eb0d5bc7,BiLaCoMnO6,634d927ed6d16c71eb0d5bc6,development,high_uncertainty,gnn_lowest_energy,a-a-c+,6.0,rocksalt,rocksalt,Pc,step4/candidates/634d927ed6d16c71eb0d5bc7_p07.cif,0.23452113270759584,0.05511314421892166,0.224952,163.24273266697273,0.021427874922896446,1.9980552632196062,0.0012907490920818624,1.995743846914826,0.23463113605976105,0.2865285575389862,0.29212337732315063,0.17231866717338562,0.18700392544269562
634d927ed6d16c71eb0d5bc7_p05,634d927ed6d16c71eb0d5bc7,BiLaCoMnO6,634d927ed6d16c71eb0d5bc6,development,high_uncertainty,gnn_highest_uncertainty,a-a-a-,6.0,rocksalt,rocksalt,R3,step4/candidates/634d927ed6d16c71eb0d5bc7_p05.cif,0.26970367729663847,0.08026903867721558,0.224952,163.27292765074517,0.03698123125764943,1.9979778630934442,0.001293055550514862,1.995743846914826,0.27340251207351685,0.3391241133213043,0.35825616121292114,0.1926870495080948,0.18504855036735535
634d927ed6d16c71eb0d5bc7_p09,634d927ed6d16c71eb0d5bc7,BiLaCoMnO6,634d927ed6d16c71eb0d5bc6,development,high_uncertainty,random_control,a0a0c+,6.0,rocksalt,rocksalt,P-4n2,step4/candidates/634d927ed6d16c71eb0d5bc7_p09.cif,0.2704633682966232,0.07980175316333771,0.224952,172.04350774306172,5.62608962933929,1.983909295097538,0.0050769004864337055,1.9767294735748049,0.2106783539056778,0.3071245849132538,0.392834335565567,0.20273825526237488,0.23894131183624268
634d94da49b0ce94eb0d8187_p01,634d94da49b0ce94eb0d8187,BaSrNi2O6,634d94d949b0ce94eb0d8184,development,higher_energy_0.10_0.15,parent_reference,original,original,original,original,P4/mmm,step4/candidates/634d94da49b0ce94eb0d8187_p01.cif,0.1185699686408043,0.026095323264598846,0.114152,180.0,0.0,1.921919083333333,2.0034692133802437e-06,1.9219162499999998,0.1602976769208908,0.10155132412910461,0.11655273288488388,0.09253564476966858,0.12191246449947357
634d94da49b0ce94eb0d8187_p11,634d94da49b0ce94eb0d8187,BaSrNi2O6,634d94d949b0ce94eb0d8184,development,higher_energy_0.10_0.15,gnn_lowest_energy,a0a0a0_ordering_control,0.0,layered,rocksalt,P4/mmm,step4/candidates/634d94da49b0ce94eb0d8187_p11.cif,0.13103184401988982,0.020236801356077194,0.114152,180.0,0.0,1.9219190833322888,4.1540741810552243e-16,1.9219190833322886,0.16333994269371033,0.10739998519420624,0.12940044701099396,0.12955372035503387,0.12546512484550476
634d94da49b0ce94eb0d8187_p09,634d94da49b0ce94eb0d8187,BaSrNi2O6,634d94d949b0ce94eb0d8184,development,higher_energy_0.10_0.15,gnn_highest_uncertainty,a0a0c+,6.0,rocksalt,rocksalt,P4_2/mnm,step4/candidates/634d94da49b0ce94eb0d8187_p09.cif,0.1494346886873245,0.023349612951278687,0.114152,172.04350774306172,5.626089629339295,1.9288998240881323,0.0049361291261622595,1.9219190833322886,0.18678240478038788,0.1349535435438156,0.1555153876543045,0.12720492482185364,0.142717182636261
634d94da49b0ce94eb0d8187_p03,634d94da49b0ce94eb0d8187,BaSrNi2O6,634d94d949b0ce94eb0d8184,development,higher_energy_0.10_0.15,random_control,a0a0c-,6.0,rocksalt,rocksalt,I-42m,step4/candidates/634d94da49b0ce94eb0d8187_p03.cif,0.14957753717899322,0.02331124246120453,0.114152,172.04350774306172,5.626089629339295,1.9288998240881323,0.004936129126162259,1.9219190833322886,0.18680430948734283,0.1351676881313324,0.1558522880077362,0.12736213207244873,0.14270126819610596
634d96e049b0ce94eb0d945f_p01,634d96e049b0ce94eb0d945f,EuHfLiNiO6,634d96e049b0ce94eb0d945b,development,higher_energy_0.10_0.15,parent_reference,original,original,original,original,Pc,step4/candidates/634d96e049b0ce94eb0d945f_p01.cif,0.12838397026062012,0.015180534683167934,0.124296,139.20215789915878,0.6069470476256525,2.0250547356780593,0.1037691909046943,1.9191754345338314,0.12525373697280884,0.12173588573932648,0.14334063231945038,0.10803684592247009,0.1435527503490448
634d96e049b0ce94eb0d945f_p10,634d96e049b0ce94eb0d945f,EuHfLiNiO6,634d96e049b0ce94eb0d945b,development,higher_energy_0.10_0.15,gnn_lowest_energy,a0a0c+,12.0,rocksalt,rocksalt,P-4n2,step4/candidates/634d96e049b0ce94eb0d945f_p10.cif,0.12617397159337998,0.02546576038002968,0.124296,164.33982190699302,11.073418124154243,1.923971233279433,0.019122877363137166,1.896927400760887,0.14195525646209717,0.106101855635643,0.160508930683136,0.09866458177566528,0.12363923341035843
634d96e049b0ce94eb0d945f_p02,634d96e049b0ce94eb0d945f,EuHfLiNiO6,634d96e049b0ce94eb0d945b,development,higher_energy_0.10_0.15,gnn_highest_uncertainty,a0a0a0,0.0,rocksalt,rocksalt,F-43m,step4/candidates/634d96e049b0ce94eb0d945f_p02.cif,0.4636815905570984,0.09113560616970062,0.124296,180.0,0.0,1.8969274007608874,2.7194799110210365e-16,1.896927400760887,0.5486377477645874,0.4194411039352417,0.5742014050483704,0.40215831995010376,0.3739693760871887
634d96e049b0ce94eb0d945f_p06,634d96e049b0ce94eb0d945f,EuHfLiNiO6,634d96e049b0ce94eb0d945b,development,higher_energy_0.10_0.15,random_control,a-a-a-,12.0,rocksalt,rocksalt,R3,step4/candidates/634d96e049b0ce94eb0d945f_p06.cif,0.1491016447544098,0.0286391768604517,0.124296,147.904586383159,0.27460148309781773,1.973849186231312,0.009556859304369288,1.957444534500843,0.1854289472103119,0.12575875222682953,0.17456093430519104,0.12606458365917206,0.13369500637054443
634d979cd6d16c71eb0d7795_p01,634d979cd6d16c71eb0d7795,SmKSeYO6,634d979cd6d16c71eb0d7794,development,high_uncertainty,parent_reference,original,original,original,original,F-43m,step4/candidates/634d979cd6d16c71eb0d7795_p01.cif,0.4018570601940155,0.026379482820630074,0.424537,180.0,0.0,2.0317285,0.24380742000000022,1.7879210799999994,0.4044896960258484,0.43638819456100464,0.38105082511901855,0.3711228668689728,0.41623371839523315
634d979cd6d16c71eb0d7795_p07,634d979cd6d16c71eb0d7795,SmKSeYO6,634d979cd6d16c71eb0d7794,development,high_uncertainty,gnn_lowest_energy,a-a-c+,6.0,rocksalt,rocksalt,Pc,step4/candidates/634d979cd6d16c71eb0d7795_p07.cif,0.24947607517242432,0.011971937492489815,0.424537,163.24273266697267,0.02142787492285709,2.0536476422931487,0.0013266619189874747,2.0512719148885825,0.25654706358909607,0.2667860686779022,0.244333416223526,0.24232378602027893,0.23739004135131836
634d979cd6d16c71eb0d7795_p05,634d979cd6d16c71eb0d7795,SmKSeYO6,634d979cd6d16c71eb0d7794,development,high_uncertainty,gnn_highest_uncertainty,a-a-a-,6.0,rocksalt,rocksalt,R3,step4/candidates/634d979cd6d16c71eb0d7795_p05.cif,0.2785970151424408,0.03425191342830658,0.424537,163.27292765074517,0.036981231257660986,2.053568088644392,0.0013290325505762055,2.051271914888582,0.27270251512527466,0.2749871611595154,0.3329964280128479,0.2745603322982788,0.23773863911628723
634d979cd6d16c71eb0d7795_p08,634d979cd6d16c71eb0d7795,SmKSeYO6,634d979cd6d16c71eb0d7794,development,high_uncertainty,random_control,a-a-c+,12.0,rocksalt,rocksalt,Pc,step4/candidates/634d979cd6d16c71eb0d7795_p08.cif,0.26053583323955537,0.013576663099229336,0.424537,147.68037821939575,0.15996160109566745,2.1153064529786754,0.010167876444485406,2.096546154754981,0.2700786292552948,0.2715248465538025,0.24939441680908203,0.26920586824417114,0.24247540533542633
634d981649b0ce94eb0d9f5f_p01,634d981649b0ce94eb0d9f5f,PrSrHfTbO6,634d981649b0ce94eb0d9f5c,development,stable_positive_control_le_0.03,parent_reference,original,original,original,original,Pc,step4/candidates/634d981649b0ce94eb0d9f5f_p01.cif,0.022538894414901735,0.0017154953675344586,0.0269888,142.29128673474145,0.565781706107997,2.181047612334187,0.10789802816187828,2.070805523339419,0.020377159118652344,0.024644121527671814,0.023677319288253784,0.021371304988861084,0.02262456715106964
634d981649b0ce94eb0d9f5f_p07,634d981649b0ce94eb0d9f5f,PrSrHfTbO6,634d981649b0ce94eb0d9f5c,development,stable_positive_control_le_0.03,gnn_lowest_energy,a-a-c+,6.0,rocksalt,rocksalt,Pc,step4/candidates/634d981649b0ce94eb0d9f5f_p07.cif,0.028484529256820677,0.012023815885186195,0.0269888,163.24273266697267,0.0214278749228864,2.085429302088514,0.001347192956982807,2.0830168086104575,0.0414590984582901,0.027039319276809692,0.027567118406295776,0.009936347603797913,0.03642076253890991
634d981649b0ce94eb0d9f5f_p11,634d981649b0ce94eb0d9f5f,PrSrHfTbO6,634d981649b0ce94eb0d9f5c,development,stable_positive_control_le_0.03,gnn_highest_uncertainty,a0a0a0_ordering_control,0.0,layered,rocksalt,P4/nmm,step4/candidates/634d981649b0ce94eb0d9f5f_p11.cif,0.10479539185762406,0.03261883929371834,0.0269888,180.0,0.0,2.063170945458387,3.1401849173675503e-16,2.0631709454583866,0.16130106151103973,0.10347459465265274,0.08798636496067047,0.09021308273077011,0.08100185543298721
634d981649b0ce94eb0d9f5f_p08,634d981649b0ce94eb0d9f5f,PrSrHfTbO6,634d981649b0ce94eb0d9f5c,development,stable_positive_control_le_0.03,random_control,a-a-c+,12.0,rocksalt,rocksalt,Pc,step4/candidates/634d981649b0ce94eb0d9f5f_p08.cif,0.03163910210132599,0.011369654908776283,0.0269888,147.68037821939575,0.15996160109565993,2.148042326780493,0.010325231573644138,2.128991699581406,0.04344646632671356,0.037823185324668884,0.02614443004131317,0.014640286564826965,0.03614114224910736
634da209d6d16c71eb0d898a_p01,634da209d6d16c71eb0d898a,Ba2FeWO6,634da209d6d16c71eb0d8987,development,near_stable_0.05_0.10,parent_reference,original,original,original,original,Fm-3m,step4/candidates/634da209d6d16c71eb0d898a_p01.cif,0.03219908028841019,0.03701159358024597,0.0959905,180.0,0.0,2.0287565,0.1119873588000001,1.9167691411999996,-0.01094067096710205,0.01812414824962616,0.04917476326227188,0.01824125647544861,0.08639590442180634
634da209d6d16c71eb0d898a_p06,634da209d6d16c71eb0d898a,Ba2FeWO6,634da209d6d16c71eb0d8987,development,near_stable_0.05_0.10,gnn_lowest_energy,a-a-a-,12.0,rocksalt,rocksalt,R-3,step4/candidates/634da209d6d16c71eb0d898a_p06.cif,0.014364781975746154,0.02653903141617775,0.0959905,147.904586383159,0.27460148309782206,2.111024051305408,0.010221023970420337,2.093479339886788,-0.009064733982086182,-0.013982772827148438,0.041008830070495605,0.012115508317947388,0.0417470782995224
634da209d6d16c71eb0d898a_p11,634da209d6d16c71eb0d898a,Ba2FeWO6,634da209d6d16c71eb0d8987,development,near_stable_0.05_0.10,gnn_highest_uncertainty,a0a0a0_ordering_control,0.0,rocksalt,layered,P4/mmm,step4/candidates/634da209d6d16c71eb0d898a_p11.cif,0.016413083672523497,0.03623905032873154,0.0959905,180.0,0.0,2.0287565,0.0,2.0287565,0.030624642968177795,-0.04704342782497406,0.042012229561805725,0.03492550551891327,0.021546468138694763
634da209d6d16c71eb0d898a_p08,634da209d6d16c71eb0d898a,Ba2FeWO6,634da209d6d16c71eb0d8987,development,near_stable_0.05_0.10,random_control,a-a-c+,12.0,rocksalt,rocksalt,P2_1/c,step4/candidates/634da209d6d16c71eb0d898a_p08.cif,0.026446986198425292,0.02310040406882763,0.0959905,147.68037821939575,0.15996160109565574,2.1122121956611983,0.01015300293712792,2.093479339886788,0.012204855680465698,-0.0001706928014755249,0.03510823845863342,0.024801060557365417,0.06029146909713745
