epoch,train_loss,validation_mae,validation_rmse,validation_r2,validation_pr_auc,lr,seconds,peak_allocated_mib,peak_reserved_mib
1,0.5100315532377655,0.05519651249051094,0.07980601377780844,0.5125036239624023,0.45879217936308686,0.0003,55.709590412999205,1119.23583984375,1744.0
2,0.40530296485937056,0.04756247252225876,0.0705004603708231,0.6195618510246277,0.5542909501746329,0.0003,55.499344383999414,1119.23583984375,1744.0
3,0.3562580658261642,0.0429166704416275,0.06616716611899986,0.6648916602134705,0.6086548968145004,0.0003,54.951570213000196,1128.25927734375,1744.0
4,0.3226728760751404,0.04962158203125,0.07454372770897295,0.5746735334396362,0.6510877908030495,0.0003,55.83739240399973,1128.25927734375,1744.0
5,0.29556516610622224,0.03804083168506622,0.06187745638207687,0.7069342136383057,0.7243008758213226,0.0003,56.151192432000244,1144.3125,1744.0
6,0.269954984207696,0.03483740612864494,0.05778456074027381,0.7444218397140503,0.745087422088648,0.0003,55.7396935429997,1119.23583984375,1744.0
7,0.24964647863194536,0.033185604959726334,0.05498296459285585,0.7686036825180054,0.7695865339194711,0.0003,55.74194026500027,1119.23583984375,1744.0
8,0.2349662606144293,0.031932979822158813,0.05440925590607708,0.7734073996543884,0.8090485639525028,0.0003,55.54274149899993,1128.25927734375,1744.0
9,0.22382652991651486,0.029833583161234856,0.052023466791069374,0.7928434014320374,0.8191597674520651,0.0003,58.128133573000014,1108.27490234375,1744.0
10,0.21447613529674733,0.02974153496325016,0.05257174794009905,0.7884539365768433,0.829610316787981,0.0003,65.8228821040002,1108.27490234375,1744.0
11,0.2065141344471742,0.028702648356556892,0.05059029135138948,0.8040999174118042,0.824191729015742,0.0003,58.96890549300042,1108.27490234375,1744.0
12,0.19967011047576094,0.027772486209869385,0.049086912540871004,0.8155699968338013,0.8414630853431745,0.0003,58.16006957399986,1119.23583984375,1744.0
13,0.19354719070502674,0.027770472690463066,0.04880065860716086,0.8177147507667542,0.8514452005593351,0.0003,55.764525765000144,1119.23583984375,1744.0
14,0.18981379346921806,0.02729151025414467,0.049108188443075615,0.8154100775718689,0.86154188589177,0.0003,56.023744967999846,1119.23583984375,1744.0
15,0.1830978109494868,0.028761491179466248,0.048079274852479835,0.8230640888214111,0.8599651337841455,0.0003,56.00501748100032,1128.25927734375,1744.0
16,0.17778890433472883,0.026903636753559113,0.04855232549125597,0.8195652365684509,0.85862902322219,0.0003,56.072169155000665,1137.31396484375,1744.0
17,0.17413879542955127,0.025691522285342216,0.04690847840454508,0.831576406955719,0.8678809025220512,0.0003,55.88933787300084,1128.25927734375,1744.0
18,0.169953270325962,0.025453919544816017,0.04612345273907273,0.8371664881706238,0.8674973260744497,0.0003,56.771485397000106,1128.25927734375,1744.0
19,0.16525886756902722,0.02456722781062126,0.04450906642277755,0.8483657836914062,0.8765984728201055,0.0003,55.365153812000244,1119.23583984375,1744.0
20,0.16178084912349225,0.024578914046287537,0.04378239579627825,0.8532766699790955,0.8822961803561856,0.0003,55.49012293800024,1102.35009765625,1744.0
21,0.15550454661218294,0.024497173726558685,0.04458128310180531,0.847873330116272,0.8843096420540609,0.0003,55.913980626999546,1119.23583984375,1744.0
22,0.15303511854980387,0.02402394264936447,0.04455725784586595,0.8480372428894043,0.8820908829166995,0.0003,56.01781835100064,1128.25927734375,1744.0
23,0.15088888799338585,0.0254810843616724,0.04594581269288867,0.8384183645248413,0.879666002606201,0.0003,56.32945683499929,1119.23583984375,1744.0
24,0.14465908999494564,0.022593531757593155,0.04279300664449987,0.8598330020904541,0.8955257129632129,0.0003,55.41318222599966,1108.27490234375,1744.0
25,0.14365447379696417,0.022866081446409225,0.04324680145454025,0.856844425201416,0.8959030150024355,0.0003,55.57259073000023,1098.658203125,1744.0
26,0.1406949384699753,0.022298039868474007,0.042296406843813174,0.8630673289299011,0.8996345778670077,0.0003,55.53838753200034,1108.27490234375,1744.0
27,0.13987553542305095,0.02236822433769703,0.042595582683752756,0.8611233234405518,0.8974370467951055,0.0003,55.184533941000154,1119.23583984375,1744.0
28,0.13727717940501272,0.0227406807243824,0.042967869467816444,0.8586851358413696,0.8919943745641544,0.0003,55.98256055300044,1119.23583984375,1744.0
29,0.13389626095948126,0.022283054888248444,0.04239646234756469,0.8624187111854553,0.8896984293277093,0.0003,56.17808024099941,1108.27490234375,1744.0
30,0.13235644930935045,0.021449480205774307,0.04139856546097485,0.8688190579414368,0.9001012742415385,0.0003,56.48754608800027,1128.25927734375,1744.0
31,0.13038787002981855,0.021057795733213425,0.04189930529614201,0.8656264543533325,0.8996380543962855,0.0003,55.73087897200003,1108.27490234375,1744.0
32,0.1272628077535964,0.02160148322582245,0.04234057719407229,0.8627811670303345,0.9040626971812374,0.0003,55.338711996999336,1108.27490234375,1744.0
33,0.12716597802408255,0.021188892424106598,0.041223868718675415,0.8699238300323486,0.9033855110648581,0.0003,56.43508054300037,1128.25927734375,1744.0
34,0.12465580910979586,0.02165060117840767,0.04101656305284918,0.871228814125061,0.9104291162547081,0.0003,56.001562147000186,1128.25927734375,1744.0
35,0.12451638877504122,0.021426845341920853,0.04202254578581672,0.8648347854614258,0.9159218332997495,0.0003,55.79602921699916,1128.25927734375,1744.0
36,0.12264995134767015,0.02037518098950386,0.04071977471372723,0.873085618019104,0.9037178359602489,0.0003,56.34139551499993,1098.658203125,1744.0
37,0.11994208824303623,0.020426198840141296,0.04075701108323366,0.8728533983230591,0.9117615249471868,0.0003,64.57166056999995,1108.27490234375,1744.0
38,0.11867190793207162,0.02034952864050865,0.04043879803686796,0.8748310208320618,0.9096598705668547,0.0003,59.14459653599988,1128.25927734375,1744.0
39,0.116430821471621,0.02078663557767868,0.04049267779952651,0.8744972944259644,0.8951010576677985,0.0003,56.685288699999546,1119.23583984375,1744.0
40,0.11506844061790526,0.020209912210702896,0.0403290372249841,0.8755096197128296,0.9092819854480028,0.0003,55.62263964799968,1128.25927734375,1744.0
41,0.11349817364565647,0.020730510354042053,0.04135456846633129,0.8690977096557617,0.91593357072371,0.0003,56.034573152999656,1119.23583984375,1744.0
42,0.11322089112549177,0.02016875520348549,0.04034294120561806,0.8754237294197083,0.9150474696163946,0.0003,57.00789303700003,1128.25927734375,1744.0
43,0.11095335176000493,0.02015993371605873,0.040886237785168776,0.8720458149909973,0.9166215760707275,0.0003,56.49611190199994,1119.23583984375,1744.0
44,0.10931239633228652,0.020367035642266273,0.040738415013096524,0.872969388961792,0.894897365324371,0.0003,56.95725847800077,1116.39013671875,1744.0
45,0.10839257400818408,0.019637325778603554,0.04027946339211983,0.8758154511451721,0.9136361433905198,0.0003,67.23634479300017,1098.658203125,1744.0
46,0.10638470977690782,0.019405627623200417,0.040416080781278264,0.8749716281890869,0.9154336490034781,0.0003,57.145431388999896,1108.27490234375,1744.0
47,0.10528766144862084,0.0195289459079504,0.04011354699884014,0.8768364191055298,0.9198719069053842,0.0003,55.66445031600051,1098.658203125,1744.0
48,0.10453447849475593,0.019634772092103958,0.04030357048243304,0.8756667375564575,0.9188505717564771,0.0003,56.013874936999855,1144.3125,1744.0
49,0.10308967284121685,0.02055642381310463,0.04052592757634725,0.8742910623550415,0.9152331422374853,0.0003,56.39656411099986,1144.3125,1744.0
50,0.10189141487524207,0.019387882202863693,0.04042541802709697,0.8749138712882996,0.91662705800133,0.0003,56.01546419399983,1137.31396484375,1744.0
51,0.10065435559809724,0.019520623609423637,0.03983131453050815,0.8785634636878967,0.9186538283274822,0.0003,55.49872182299987,1108.27490234375,1744.0
52,0.09955351279842362,0.01976553350687027,0.04074480131584709,0.872929573059082,0.9134514975164058,0.0003,55.722602893999465,1119.23583984375,1744.0
53,0.09758555877618252,0.01907542534172535,0.04004429428298321,0.8772613406181335,0.9170018459541597,0.0003,57.37896269399971,1128.25927734375,1744.0
54,0.09703737235562673,0.019114330410957336,0.03986584013632437,0.8783528208732605,0.9152312577410917,0.0003,56.74444237499938,1119.23583984375,1744.0
55,0.09660090905793302,0.019255679100751877,0.0396148139748123,0.8798799514770508,0.909713757256482,0.0003,56.25758235400008,1119.23583984375,1744.0
56,0.09476734487525393,0.019158510491251945,0.039899079798030174,0.8781498670578003,0.9161447646600216,0.0003,55.91381934900073,1119.23583984375,1744.0
57,0.09349264044278591,0.018965134397149086,0.03954798929932906,0.8802849054336548,0.9180970842711884,0.0003,55.60184833099993,1119.23583984375,1744.0
58,0.09284139009497451,0.01902412623167038,0.04005592270329194,0.8771899938583374,0.9192390063334641,0.0003,55.60842729699834,1119.23583984375,1744.0
59,0.09100306533569967,0.01933235675096512,0.04032977186760375,0.8755050897598267,0.9212333429357853,0.0003,56.79969475100006,1108.27490234375,1744.0
60,0.09030784098549624,0.018781622871756554,0.039858279080243184,0.8783989548683167,0.926362384323583,0.0003,57.20967440300046,1119.23583984375,1744.0
61,0.08922296833687281,0.019032170996069908,0.03962660074225395,0.8798084855079651,0.9133080377723941,0.0003,56.56398660100058,1116.39013671875,1744.0
62,0.08741425088775351,0.01884443126618862,0.03982048296138823,0.8786295056343079,0.9208530692461823,0.0003,56.428206398999464,1108.27490234375,1744.0
63,0.08736844891100849,0.018587296828627586,0.03956811430908065,0.8801630139350891,0.9182450989018521,0.0003,57.01357470900075,1108.27490234375,1744.0
64,0.08600480644966606,0.019435109570622444,0.03995555071120742,0.8778047561645508,0.9214100191870758,0.0003,56.729076857998734,1128.25927734375,1744.0
65,0.08567027496439535,0.019358854740858078,0.0404913826038492,0.8745052814483643,0.9102388621425668,0.0003,57.113146675999815,1108.27490234375,1744.0
66,0.0842789147176001,0.018571369349956512,0.03983603442510023,0.8785346746444702,0.9233403085535049,0.0003,56.44847573200059,1119.23583984375,1744.0
67,0.08342598443983068,0.018907703459262848,0.039910523009969584,0.8780800104141235,0.9232478891025098,0.0003,56.239426091000496,1119.23583984375,1744.0
68,0.08277423402713091,0.018832756206393242,0.039333073986270665,0.881582498550415,0.9235490617538734,0.0003,56.26070331399933,1119.23583984375,1744.0
69,0.08226671394472175,0.018295668065547943,0.03940161934634181,0.8811693787574768,0.9294550966510462,0.0003,55.90932597599931,1108.27490234375,1744.0
70,0.07964113350190674,0.018340568989515305,0.03963495939171022,0.8797577619552612,0.9220623869865567,0.0003,56.652397086001656,1119.23583984375,1744.0
71,0.07954315041952166,0.018875103443861008,0.03963120989404555,0.8797805309295654,0.9229380379764647,0.0003,56.536458676999246,1158.43310546875,1744.0
72,0.07872742871935082,0.01871970295906067,0.039475988382376884,0.8807203769683838,0.9233514109998714,0.0003,58.63297146199875,1119.23583984375,1744.0
73,0.07815008879834691,0.01875341683626175,0.039301282505645165,0.881773829460144,0.9166512009291135,0.0003,56.04515455100045,1108.27490234375,1744.0
74,0.07767828467720014,0.018500206992030144,0.03918635729699067,0.8824642300605774,0.9284750037677335,0.00015,56.29156272399996,1119.23583984375,1744.0
75,0.06404350011382191,0.017569243907928467,0.03911582614927038,0.8828870058059692,0.9289701268539912,0.00015,56.338028066000334,1119.23583984375,1744.0
76,0.06143188469356185,0.017593340948224068,0.03915696345129887,0.882640540599823,0.9284127952843505,0.00015,56.08293809799943,1119.23583984375,1744.0
77,0.06047785568890178,0.01776288077235222,0.03905323633976477,0.8832614421844482,0.9314219422068377,0.00015,64.44345646499823,1128.25927734375,1744.0
78,0.05913675980750767,0.017554009333252907,0.0389626762317884,0.8838022351264954,0.9310000754272982,0.00015,58.67642609399991,1128.25927734375,1744.0
79,0.05873757000648037,0.01760442741215229,0.03899481542076495,0.8836104869842529,0.9319027539518617,0.00015,56.62809674700111,1119.23583984375,1744.0
80,0.05801600376779283,0.01769760437309742,0.03936746730305672,0.8813753128051758,0.9268941577408853,0.00015,57.130861059999006,1119.23583984375,1744.0
81,0.05685519940206834,0.017754828557372093,0.03924455092512795,0.8821148872375488,0.9258867254928889,0.00015,55.88876782999978,1119.23583984375,1744.0
82,0.05654063524256967,0.017696067690849304,0.03922720844264608,0.8822190761566162,0.9288293759345706,0.00015,55.998129434001385,1108.27490234375,1744.0
83,0.05571682501858974,0.017790965735912323,0.039686684764351214,0.8794437050819397,0.9266791286260306,7.5e-05,55.48962046500128,1119.23583984375,1744.0
84,0.049054361294663486,0.01763126626610756,0.039405594536119526,0.8811454176902771,0.9304945160318308,7.5e-05,56.16612165599872,1167.21728515625,1744.0
85,0.047165428788862464,0.017523018643260002,0.03954481444855527,0.8803040981292725,0.9296198741736307,7.5e-05,56.538292856001135,1108.27490234375,1744.0
86,0.046512211197181165,0.017634281888604164,0.03962266682284458,0.8798323273658752,0.9274448803762165,7.5e-05,56.49509191300058,1119.23583984375,1744.0
87,0.04594697203543779,0.01757712848484516,0.03944240102101895,0.8809232711791992,0.9272758039034502,7.5e-05,56.10576133599898,1098.658203125,1744.0
88,0.04559207311857737,0.017657900229096413,0.03970471936216319,0.8793341517448425,0.9280557423706771,7.5e-05,55.870987019001404,1123.9296875,1744.0
89,0.04502484154654813,0.017786378040909767,0.03970321813579581,0.8793432712554932,0.9296274459633747,7.5e-05,55.433523121999315,1108.27490234375,1744.0
90,0.04438936986677716,0.01765395514667034,0.03959307499088498,0.880011796951294,0.9295702818403163,3.75e-05,55.17226669699994,1137.31396484375,1744.0
91,0.04097609903750902,0.017588822171092033,0.03960277236648886,0.8799529671669006,0.9281020275953578,3.75e-05,56.0375893829987,1108.27490234375,1744.0
92,0.039983839936523546,0.01774308830499649,0.03977227444176149,0.8789231777191162,0.9279152192734731,3.75e-05,56.40797045799991,1128.25927734375,1744.0
93,0.039583389282660815,0.017704321071505547,0.03971928446839306,0.8792455792427063,0.926196650848781,3.75e-05,55.32353949699973,1108.27490234375,1744.0
94,0.03920542611111732,0.01774921454489231,0.03983984646421742,0.8785114288330078,0.9279026635791924,3.75e-05,56.42046254399975,1119.23583984375,1744.0
95,0.03886301581538543,0.017755137756466866,0.039728770827633694,0.8791878819465637,0.9270773112309845,1.875e-05,55.74922499200147,1128.25927734375,1744.0
96,0.03726160318509162,0.0177865382283926,0.03978592092137811,0.8788400888442993,0.9267584045211213,1.875e-05,55.59269602799941,1119.23583984375,1744.0
97,0.03679112976141093,0.017752043902873993,0.03976384365245733,0.8789744973182678,0.925775510341675,1.875e-05,55.90528153899868,1119.23583984375,1744.0
