seed,epoch,loss,val_mae,seconds,peak_gpu_mib
42,1,0.20292636586560142,0.09167090058326721,2.7755869709999956,1844.060546875
42,2,0.164351557691892,0.08501110225915909,0.9598237360000041,1844.060546875
42,3,0.15161426862080893,0.07505501806735992,0.962981472000024,1844.060546875
42,4,0.13938768870300716,0.06812869012355804,0.9478150959999994,1844.060546875
42,5,0.12536262886391747,0.06342816352844238,0.9153456360000405,1844.060546875
42,6,0.12018050170607036,0.05798735097050667,0.9412044979999905,1844.060546875
42,7,0.11231153127219942,0.05388430133461952,0.9167013830000315,1844.060546875
42,8,0.10412503282229106,0.04913629591464996,0.9418322509999939,1844.060546875
42,9,0.0975644596748882,0.045571498572826385,0.9372532840000076,1844.060546875
42,10,0.0906370191110505,0.04180140420794487,0.9457513589999849,1844.060546875
42,11,0.08290477097034454,0.038346704095602036,0.9327138300000115,1844.060546875
42,12,0.07563967630267143,0.034314993768930435,0.944927894999978,1844.060546875
42,13,0.07222424902849728,0.0316852405667305,0.9488541240000359,1844.060546875
42,14,0.06833134219050407,0.029456958174705505,0.9227355119999743,1844.060546875
42,15,0.06288894969556066,0.027638504281640053,0.9276026009999896,1844.060546875
42,16,0.06183823032511605,0.026440387591719627,0.9201582970000004,1844.060546875
42,17,0.056727397773000926,0.024408331140875816,0.9360253989999592,1844.060546875
42,18,0.05594705955849753,0.023551197722554207,0.9419005369999809,1844.060546875
42,19,0.05306886674629317,0.022077592089772224,0.924552656000003,1844.060546875
42,20,0.04710956414540609,0.021301107481122017,0.9245353009999917,1844.060546875
42,21,0.04541915779312452,0.019576504826545715,0.9284435590000157,1844.060546875
42,22,0.045997243374586105,0.01894220896065235,0.9209232149999593,1844.060546875
42,23,0.042931827820009656,0.0179649256169796,0.9094060769999714,1844.060546875
42,24,0.03981936350464821,0.0173444002866745,0.9255093020000231,1844.060546875
42,25,0.03835208838184675,0.01697191409766674,0.9306253029999993,1844.060546875
42,26,0.0396152933438619,0.01666184701025486,0.9398748950000027,1844.060546875
42,27,0.03687000605795118,0.015986446291208267,0.9168248490000224,1844.060546875
42,28,0.03635212882525391,0.016233181580901146,0.9320676819999676,1844.060546875
42,29,0.03550392637650172,0.016151629388332367,0.9474802530000375,1844.060546875
42,30,0.033539230624834694,0.015173530206084251,0.9503396299999736,1844.060546875
42,31,0.03301166142854425,0.014588474296033382,0.9536124399999721,1844.060546875
42,32,0.03274143901136187,0.015156364068388939,0.9540644619999625,1844.060546875
42,33,0.03332101284629769,0.014681931585073471,0.9734965279999983,1844.060546875
42,34,0.03141877055168152,0.01482278574258089,0.958881410999993,1844.060546875
42,35,0.028645067786176998,0.014198076911270618,0.923896663999983,1844.060546875
42,36,0.029766008361346193,0.013423360884189606,0.9236629100000187,1844.060546875
42,37,0.029099390531579655,0.014043495990335941,0.929876806999971,1844.060546875
42,38,0.026329654165440135,0.014206506311893463,0.9391353670000058,1844.060546875
42,39,0.027645457949903276,0.013575549237430096,0.9343274999999949,1844.060546875
42,40,0.02623479813337326,0.013845996931195259,0.9195937289999847,1844.060546875
42,41,0.028284873399469588,0.013646855019032955,0.9347132249999959,1844.060546875
42,42,0.024287286318010755,0.014091158285737038,0.9221681650000164,1844.060546875
42,43,0.024958717533283763,0.014286601915955544,0.9393227080000202,1844.060546875
42,44,0.0244500283151865,0.013488664291799068,0.9363033409999844,1844.060546875
42,45,0.021938802777893014,0.014355435036122799,0.9189365309999857,1844.060546875
42,46,0.023235422869523365,0.013120698742568493,0.926602239000033,1844.060546875
42,47,0.024932918345762625,0.013485726900398731,0.9399293079999893,1844.060546875
42,48,0.024388219333357282,0.013329820707440376,0.9316816630000062,1844.060546875
42,49,0.019989332287675805,0.013682644814252853,0.9197064620000219,1844.060546875
42,50,0.02006965958409839,0.012681632302701473,0.9303869599999643,1844.060546875
42,51,0.02115193609562185,0.013155706226825714,0.9376734439999836,1844.060546875
42,52,0.020880763108531635,0.013107691891491413,0.9101946040000257,1844.060546875
42,53,0.019057598896324635,0.013483242131769657,0.9145034169999917,1844.060546875
42,54,0.018695147294137213,0.013969073072075844,0.9154952910000134,1844.060546875
42,55,0.01751631943302022,0.013427266851067543,0.9208591549999596,1844.060546875
42,56,0.018736987995604675,0.01335853897035122,0.9207804970000097,1844.060546875
42,57,0.0182193440074722,0.013274903409183025,0.9200732859999903,1844.060546875
42,58,0.01727892127301958,0.01299784705042839,0.9118217509999909,1844.060546875
42,59,0.017109124093419976,0.0130262840539217,0.9269665420000024,1844.060546875
42,60,0.016015345955060586,0.012615766376256943,0.9226949530000184,1844.060546875
42,61,0.015098224187062846,0.013075615279376507,0.9561494499999981,1844.060546875
42,62,0.014251137462755045,0.013004052452743053,0.9105341250000265,1844.060546875
42,63,0.015130257854859034,0.012631731107831001,0.9247780980000471,1844.060546875
42,64,0.013610680380629169,0.012025895528495312,0.9312222849999898,1844.060546875
42,65,0.014129537468155226,0.01195890549570322,0.9173828780000122,1844.060546875
42,66,0.012465283999012576,0.011909590102732182,0.9402884929999686,1844.060546875
42,67,0.012753795108033551,0.011982801370322704,0.929105308999965,1844.060546875
42,68,0.012960532783634134,0.012011745013296604,0.9087220139999772,1844.060546875
42,69,0.011625409591943026,0.011787000112235546,0.926596088999986,1844.060546875
42,70,0.011718087933129735,0.011189832352101803,0.943429951999974,1844.060546875
42,71,0.011014278564188216,0.011269154958426952,0.9120995789999711,1844.060546875
42,72,0.010976790502253506,0.010987546294927597,0.9264739669999926,1844.060546875
42,73,0.0112360841077235,0.011401121504604816,0.9511126520000062,1844.060546875
42,74,0.010394944498936335,0.010937614366412163,0.9238773400000468,1844.060546875
42,75,0.010083478306316666,0.01126791350543499,0.9169542850000312,1844.060546875
42,76,0.009777132680432664,0.011518657207489014,0.9150286800000345,1844.060546875
42,77,0.00982914451095793,0.011186433024704456,0.9319025159999796,1844.060546875
42,78,0.009608357213437557,0.010782566852867603,0.9291987770000105,1844.060546875
42,79,0.009979509438077608,0.010370919480919838,0.9296236650000083,1844.060546875
42,80,0.008966356722844971,0.010955102741718292,0.9436871209999822,1844.060546875
123,1,0.20503072771761152,0.08753111213445663,0.9778410650000069,1847.841796875
123,2,0.1637673063410653,0.08009665459394455,0.9303735960000381,1847.841796875
123,3,0.14986421995692784,0.07083184272050858,0.9472471500000097,1847.841796875
123,4,0.1373785361647606,0.06426219642162323,0.9296738050000499,1847.841796875
123,5,0.1277475075589286,0.05842343345284462,0.9431120309999983,1847.841796875
123,6,0.11641107830736372,0.05386717617511749,0.9295774080000001,1847.841796875
123,7,0.10902049971951379,0.04964112117886543,0.9321051620000276,1847.841796875
123,8,0.10154479493697484,0.04543345421552658,0.9243882399999848,1847.841796875
123,9,0.09328310274415547,0.04205133020877838,0.9375587010000004,1847.841796875
123,10,0.08701456834872563,0.03948209434747696,0.9577043099999969,1847.841796875
123,11,0.08363756537437439,0.03650849312543869,0.9359529390000034,1847.841796875
123,12,0.07739191088411543,0.034294165670871735,0.9315734549999775,1847.841796875
123,13,0.07341928324765629,0.03238367661833763,0.946125735999999,1847.841796875
123,14,0.06819520559575823,0.03061678819358349,0.9231943670000078,1847.841796875
123,15,0.06668227621250683,0.029151303693652153,0.9310533549999604,1847.841796875
123,16,0.06241761354936494,0.027830837294459343,0.9400240840000151,1847.841796875
123,17,0.05872726812958717,0.026247821748256683,0.920192328999974,1847.841796875
123,18,0.059977100127273135,0.02597024291753769,0.9177934699999923,1847.841796875
123,19,0.060038545893298254,0.024898232892155647,0.9188734769999769,1847.841796875
123,20,0.05473455828097132,0.02323576994240284,0.9486501229999931,1847.841796875
123,21,0.05257349544101291,0.023119645193219185,0.9129697420000298,1847.841796875
123,22,0.049873918294906616,0.021476011723279953,0.933591234000005,1847.841796875
123,23,0.04620902592109309,0.0206092968583107,0.9291470640000057,1847.841796875
123,24,0.04441394760376877,0.019932230934500694,0.9203450960000055,1847.841796875
123,25,0.0451140950123469,0.01943390816450119,0.9417730339999935,1847.841796875
123,26,0.04269720572564337,0.019199782982468605,0.9234548649999965,1847.841796875
123,27,0.040388886713319354,0.01787470653653145,0.9263964849999979,1847.841796875
123,28,0.038739010277721614,0.017091460525989532,0.9401592140000048,1847.841796875
123,29,0.04159047330419222,0.017490580677986145,0.919145479000008,1847.841796875
123,30,0.03667121773792638,0.016419293358922005,0.9372587230000136,1847.841796875
123,31,0.035577217323912516,0.016699107363820076,0.952118372999962,1847.841796875
123,32,0.034535384426514305,0.016115669161081314,0.9348282519999884,1847.841796875
123,33,0.033146764876113996,0.015712164342403412,0.9342916030000197,1847.841796875
123,34,0.0330786622232861,0.015721093863248825,0.9237946590000092,1847.841796875
123,35,0.03105274856918388,0.015132013708353043,0.9344321590000391,1847.841796875
123,36,0.03162716349793805,0.014373752288520336,0.9339737330000162,1847.841796875
123,37,0.03353663182093038,0.01426186878234148,0.9334614730000226,1847.841796875
123,38,0.030628923740651872,0.015353326685726643,0.9398590999999783,1847.841796875
123,39,0.03115162377556165,0.015230923891067505,0.9390818790000139,1847.841796875
123,40,0.027406949135992262,0.01385919377207756,0.9342417780000005,1847.841796875
123,41,0.02685621018624968,0.01383821852505207,0.9456825940000044,1847.841796875
123,42,0.025871176065670118,0.015336770564317703,0.9849110509999832,1847.841796875
123,43,0.02768317899770207,0.013270660303533077,0.9312654380000254,1847.841796875
123,44,0.02469667337006993,0.01480045821517706,0.9388804239999899,1847.841796875
123,45,0.02538892419801818,0.014344342052936554,0.9312900229999741,1847.841796875
123,46,0.02305439342227247,0.013931705616414547,0.9587459620000232,1847.841796875
123,47,0.022278195040093526,0.013063018210232258,0.9436199410000086,1847.841796875
123,48,0.0212393445480201,0.012725314125418663,0.9348701790000291,1847.841796875
123,49,0.02130370121449232,0.01241395715624094,0.9389708460000179,1847.841796875
123,50,0.022397757818301518,0.012333948165178299,0.9437135079999734,1847.841796875
123,51,0.02087000985112455,0.012510044500231743,0.9520691970000144,1847.841796875
123,52,0.019946292146212526,0.01277012750506401,0.9650232100000267,1847.841796875
123,53,0.019671598656309977,0.013529382646083832,0.9582144149999863,1847.841796875
123,54,0.020841340844829876,0.014003639109432697,0.9654991180000252,1847.841796875
123,55,0.018802358561919794,0.01245369203388691,0.9555422100000328,1847.841796875
123,56,0.01931640650663111,0.01222146674990654,0.9710600720000002,1847.841796875
123,57,0.01791369542479515,0.01201289426535368,0.9365687039999671,1847.841796875
123,58,0.01697608186966843,0.012497220188379288,0.92027364300003,1847.841796875
123,59,0.016448517847392295,0.01187100913375616,0.9542532769999639,1847.841796875
123,60,0.01780086610880163,0.012805664911866188,0.9389169020000168,1847.841796875
123,61,0.015096213151183393,0.012148771435022354,0.9524155729999961,1847.841796875
123,62,0.015884101390838623,0.01260759960860014,0.9660865539999577,1847.841796875
123,63,0.014391222192595402,0.012635905295610428,0.9502684260000365,1847.841796875
123,64,0.015239650280111365,0.011752240359783173,0.9479957820000209,1847.841796875
123,65,0.015085864501694838,0.011524651199579239,0.9353127690000065,1847.841796875
123,66,0.014007261126405664,0.011219915002584457,0.9304563939999753,1847.841796875
123,67,0.012609551350275675,0.010659193620085716,0.9594656730000111,1847.841796875
123,68,0.01274458970874548,0.011205613613128662,0.9336472420000064,1847.841796875
123,69,0.012005791171557374,0.011232358403503895,0.9227824150000288,1847.841796875
123,70,0.011367084665430916,0.011122625321149826,0.9339307550000058,1847.841796875
123,71,0.011470966506749392,0.013493579812347889,0.9448158369999646,1847.841796875
123,72,0.011473652078873582,0.011947769671678543,0.9273636759999704,1847.841796875
123,73,0.011868559134503206,0.010599148459732533,0.9585516719999987,1847.841796875
123,74,0.010228318783144156,0.010739411227405071,0.9515228430000207,1847.841796875
123,75,0.00960620697070327,0.010832271538674831,0.9485651980000398,1847.841796875
123,76,0.009643419231805537,0.010712886229157448,0.9335612950000041,1847.841796875
123,77,0.009438246074650023,0.010544517077505589,0.9607356199999799,1847.841796875
123,78,0.010045008009506596,0.010653220117092133,0.9611837820000346,1847.841796875
123,79,0.010130515942970911,0.010823717340826988,0.9478095069999881,1847.841796875
123,80,0.009579150627056757,0.011756227351725101,0.9515915590000077,1847.841796875
2026,1,0.2135166111919615,0.09444288164377213,1.0012547950000226,1847.841796875
2026,2,0.1806793279118008,0.08695316314697266,0.9356541289999996,1847.841796875
2026,3,0.16348818772368962,0.07665077596902847,0.9333069680000108,1847.841796875
2026,4,0.15391638543870714,0.07199926674365997,0.9279435009999588,1847.841796875
2026,5,0.13639772021108204,0.06478558480739594,0.9325462890000153,1847.841796875
2026,6,0.13088922699292502,0.06081622466444969,0.9511787920000074,1847.841796875
2026,7,0.12295502341455883,0.05749843642115593,0.9494925340000009,1847.841796875
2026,8,0.11687653925683764,0.0545537956058979,0.9337123880000036,1847.841796875
2026,9,0.10775030569897757,0.05075834318995476,0.981247580999991,1847.841796875
2026,10,0.10306296000878017,0.047610118985176086,0.9434154790000093,1847.841796875
2026,11,0.09585870305697124,0.044959381222724915,0.938317244000018,1847.841796875
2026,12,0.08852852880954742,0.04126596450805664,0.9403621890000409,1847.841796875
2026,13,0.0828452275858985,0.038152605295181274,0.9278766240000209,1847.841796875
2026,14,0.07732432252830929,0.035376593470573425,0.9747973639999827,1847.841796875
2026,15,0.07115922330154313,0.03207813575863838,0.9503714299999615,1847.841796875
2026,16,0.07029692083597183,0.029583405703306198,0.9331557600000338,1847.841796875
2026,17,0.06292437886198361,0.027910903096199036,0.9439964010000494,1847.841796875
2026,18,0.058222913493712745,0.026139115914702415,0.9272182179999504,1847.841796875
2026,19,0.05941458832886484,0.02500760555267334,0.9349398680000149,1847.841796875
2026,20,0.05304994392726156,0.023434428498148918,0.9396874099999764,1847.841796875
2026,21,0.04982912768092421,0.023185187950730324,0.9137342270000204,1847.841796875
2026,22,0.050683613452646464,0.02195436879992485,0.9272571090000383,1847.841796875
2026,23,0.05081059825089243,0.020785069093108177,0.934773961000019,1847.841796875
2026,24,0.04330117648674382,0.019281916320323944,0.9184194270000035,1847.841796875
2026,25,0.042041453222433724,0.018945734947919846,0.9251706150000132,1847.841796875
2026,26,0.04150455755492052,0.018192799761891365,0.9334052149999934,1847.841796875
2026,27,0.04006295402844747,0.01741238869726658,0.9384976509999774,1847.841796875
2026,28,0.037521147479613624,0.016571229323744774,0.9324825429999919,1847.841796875
2026,29,0.036972255549497075,0.016283923760056496,0.9352573890000144,1847.841796875
2026,30,0.03819557465612888,0.01703556627035141,0.9460057269999993,1847.841796875
2026,31,0.03505914823876487,0.015710512176156044,0.963315453000007,1847.841796875
2026,32,0.03403907372719712,0.015209603123366833,0.9293130319999818,1847.841796875
2026,33,0.03355049590269724,0.01585223525762558,0.9389522719999945,1847.841796875
2026,34,0.03180311558147272,0.014318730682134628,0.9211606889999757,1847.841796875
2026,35,0.030446930271055963,0.014606037177145481,0.9456592700000215,1847.841796875
2026,36,0.03053586557507515,0.014835484325885773,0.9498870470000043,1847.841796875
2026,37,0.03077555571993192,0.014430973678827286,0.9541119910000475,1847.841796875
2026,38,0.027910967047015827,0.013761800713837147,0.9494970150000199,1847.841796875
2026,39,0.027706337471803028,0.01411997526884079,0.9332441359999848,1847.841796875
2026,40,0.027793229040172365,0.013330784626305103,0.9259327940000048,1847.841796875
2026,41,0.026501960017614894,0.013615516014397144,0.9374787049999895,1847.841796875
2026,42,0.025626236779822245,0.013263039290904999,0.9452409300000113,1847.841796875
2026,43,0.024789093683163326,0.013123907148838043,0.9646363869999846,1847.841796875
2026,44,0.025009480615456898,0.01315662544220686,0.9678657580000163,1847.841796875
2026,45,0.02477243190838231,0.012957303784787655,0.9465523220000023,1847.841796875
2026,46,0.022915330818957753,0.012466972693800926,0.9386826669999664,1847.841796875
2026,47,0.022472820865611236,0.012328348122537136,0.9477655960000106,1847.841796875
2026,48,0.021562506186051503,0.012550636194646358,0.9446556989999522,1847.841796875
2026,49,0.02295027807768848,0.012979094870388508,0.9837819960000047,1847.841796875
2026,50,0.022525367844435904,0.012873193249106407,0.9360995269999535,1847.841796875
2026,51,0.02233222375313441,0.012149414047598839,0.9449897110000052,1847.841796875
2026,52,0.02032236775590314,0.012838206253945827,0.9392928519999941,1847.841796875
2026,53,0.021217897223929565,0.0122364591807127,0.9335153300000343,1847.841796875
2026,54,0.019037519271175068,0.012028047814965248,0.9518068880000214,1847.841796875
2026,55,0.01819577223310868,0.011740487068891525,0.9711677610000038,1847.841796875
2026,56,0.016582074005984597,0.011874396353960037,0.947047069000007,1847.841796875
2026,57,0.01637233804083533,0.01178854238241911,0.9534889699999667,1847.841796875
2026,58,0.016368894786056545,0.011952071450650692,0.930660376999981,1847.841796875
2026,59,0.01681570801883936,0.012038936838507652,0.9627519040000152,1847.841796875
2026,60,0.017016211214164894,0.011782574467360973,0.968156906000047,1847.841796875
2026,61,0.015525179501208995,0.012382171116769314,0.9632084739999982,1847.841796875
2026,62,0.015251631434592936,0.01198927778750658,0.9568046889999664,1847.841796875
2026,63,0.015037492228051027,0.011633060872554779,0.9588321439999845,1847.841796875
2026,64,0.014991045308609804,0.011642973870038986,0.9497019249999994,1847.841796875
2026,65,0.01406926785906156,0.011881048791110516,0.935250759999974,1847.841796875
2026,66,0.013334957313620381,0.01184852235019207,0.942555341000002,1847.841796875
2026,67,0.013089138083159924,0.011745113879442215,0.9275654439999812,1847.841796875
2026,68,0.012477037186423937,0.011747503653168678,0.9471602520000033,1847.841796875
2026,69,0.012341555802979402,0.01139148697257042,0.9457507280000073,1847.841796875
2026,70,0.011974756761143604,0.011356886476278305,0.9433326119999492,1847.841796875
2026,71,0.011574797849688265,0.011777857318520546,0.93093503099999,1847.841796875
2026,72,0.011442360183638003,0.012097048573195934,0.9567258220000099,1847.841796875
2026,73,0.011033607802043358,0.011555330827832222,0.9510141620000354,1847.841796875
2026,74,0.01073368333487047,0.01135482918471098,0.9319989880000321,1847.841796875
2026,75,0.010343740487264262,0.011517677456140518,0.9417605050000475,1847.841796875
2026,76,0.010105245746672153,0.011214110068976879,0.9319334990000243,1847.841796875
2026,77,0.009891323745250702,0.011534826830029488,0.9472779769999988,1847.841796875
2026,78,0.009595342704819309,0.011185996234416962,0.9628500050000071,1847.841796875
2026,79,0.009205058889670504,0.011027096770703793,0.9407732679999867,1847.841796875
2026,80,0.009778166965891918,0.011039436794817448,0.9439959570000269,1847.841796875
3407,1,0.1924013379547331,0.09372294694185257,0.9966528399999675,1847.841796875
3407,2,0.16379115482171377,0.08509162813425064,0.9475428690000172,1847.841796875
3407,3,0.14682236313819885,0.07539789378643036,0.9347328020000418,1847.841796875
3407,4,0.13105079448885387,0.06881757825613022,0.9272784020000131,1847.841796875
3407,5,0.12200702478488286,0.0633133053779602,0.974689834000003,1847.841796875
3407,6,0.11641885671350691,0.05884481593966484,0.9512151039999708,1847.841796875
3407,7,0.10404093315203984,0.05370726436376572,0.9885692829999471,1847.841796875
3407,8,0.09390327417188221,0.04936259239912033,0.9507565179999915,1847.841796875
3407,9,0.09031755725542705,0.04548204317688942,0.9438401679999515,1847.841796875
3407,10,0.08311754547887379,0.04269994795322418,0.9331265229999985,1847.841796875
3407,11,0.07689756651719411,0.039394110441207886,0.9472609270000021,1847.841796875
3407,12,0.07602136664920384,0.03652867674827576,0.9377612200000272,1847.841796875
3407,13,0.06906022048658794,0.03357629477977753,0.9398563089999925,1847.841796875
3407,14,0.06663044707642661,0.03196718171238899,0.9497514919999617,1847.841796875
3407,15,0.06308898371126917,0.030387694016098976,0.9333627739999883,1847.841796875
3407,16,0.06170692294836044,0.028409648686647415,0.9523879989999955,1847.841796875
3407,17,0.058665584358904094,0.028140246868133545,0.959417110000004,1847.841796875
3407,18,0.05515656640960111,0.027132034301757812,0.9298384399999691,1847.841796875
3407,19,0.05580983145369424,0.02598191425204277,0.9459397560000298,1847.841796875
3407,20,0.05472292171584235,0.025302113965153694,0.9519311880000032,1847.841796875
3407,21,0.05263100191950798,0.024040462449193,0.9510880810000231,1847.841796875
3407,22,0.04919514680902163,0.023969197645783424,0.9609413320000044,1847.841796875
3407,23,0.04705914151337412,0.023136982694268227,0.9333642560000044,1847.841796875
3407,24,0.04616080907483896,0.022038348019123077,0.9386818329999755,1847.841796875
3407,25,0.04586747081743346,0.021890860050916672,0.953813920000016,1847.841796875
3407,26,0.047522560589843325,0.02056654542684555,0.9310944239999799,1847.841796875
3407,27,0.044523806414670415,0.020657844841480255,0.9318398139999999,1847.841796875
3407,28,0.04271309201916059,0.020166441798210144,0.923452258999987,1847.841796875
3407,29,0.04121826754675971,0.020161103457212448,0.9425038420000078,1847.841796875
3407,30,0.042752675298187465,0.02033412456512451,0.9476749959999893,1847.841796875
3407,31,0.03886164269513554,0.01817670278251171,0.9359616680000045,1847.841796875
3407,32,0.04040317340857453,0.018911832943558693,0.940534649999961,1847.841796875
3407,33,0.037903088662359447,0.018414312973618507,0.9323489750000249,1847.841796875
3407,34,0.036503142366806664,0.017479708418250084,0.9468732499999533,1847.841796875
3407,35,0.03803253028955725,0.01737731508910656,0.936078076000058,1847.841796875
3407,36,0.0345758485297362,0.017131872475147247,0.9370663109999668,1847.841796875
3407,37,0.03328779174221887,0.01699964515864849,1.0075583340000094,1847.841796875
3407,38,0.033435998691452876,0.01712866872549057,0.987311448000014,1847.841796875
3407,39,0.03267031990819507,0.01598433591425419,0.9537045639999633,1847.841796875
3407,40,0.03241534179283513,0.016750575974583626,0.9976461180000342,1847.841796875
3407,41,0.031498539778921336,0.016061032190918922,0.9421559499999148,1847.841796875
3407,42,0.029775778866476484,0.01611195132136345,1.011675480000008,1847.841796875
3407,43,0.0298121300422483,0.014982924796640873,1.0138636869999118,1847.841796875
3407,44,0.029225464806788497,0.01568550616502762,1.006401000999972,1847.841796875
3407,45,0.02907861541542742,0.014556830748915672,0.9829270950000364,1847.841796875
3407,46,0.028918975964188576,0.01482582837343216,0.9686057169999458,1847.841796875
3407,47,0.029069162491295073,0.015281956642866135,0.9644617540000127,1847.841796875
3407,48,0.026326470490958955,0.013793852180242538,0.9741426040000079,1847.841796875
3407,49,0.027677695577343304,0.01506214402616024,0.9626507790000005,1847.841796875
3407,50,0.02657134323898289,0.014877408742904663,0.9381516590000274,1847.841796875
3407,51,0.02746258634659979,0.014226325787603855,0.9474120349999566,1847.841796875
3407,52,0.026334686618712213,0.013607659377157688,0.9412788490000139,1847.841796875
3407,53,0.02410062112742,0.013774094171822071,0.9859406789998957,1847.841796875
3407,54,0.022863874729308818,0.012780046090483665,0.9342116779999969,1847.841796875
3407,55,0.02282628572235505,0.01356892567127943,0.9269200889999638,1847.841796875
3407,56,0.02313503964493672,0.013791860081255436,0.9409517120000146,1847.841796875
3407,57,0.022771383221778605,0.013233166188001633,0.9410547890000771,1847.841796875
3407,58,0.020981326285335753,0.01236503105610609,0.9514828910000688,1847.841796875
3407,59,0.022148101073172357,0.013031079433858395,0.9545690769999737,1847.841796875
3407,60,0.021472213893300958,0.012461179867386818,0.938692283000023,1847.841796875
3407,61,0.020033540204167366,0.0124730309471488,0.9196078060000445,1847.841796875
3407,62,0.018712289838327303,0.012280545197427273,0.953384691999986,1847.841796875
3407,63,0.019066417072382238,0.012051883153617382,0.930633596000007,1847.841796875
3407,64,0.01750309429027968,0.011613193899393082,0.94117147999998,1847.841796875
3407,65,0.01885944904966487,0.011302408762276173,0.9570816010000271,1847.841796875
3407,66,0.017349339452468686,0.012741190381348133,0.9574257270000999,1847.841796875
3407,67,0.016779387111051217,0.011309873312711716,0.9590347089999796,1847.841796875
3407,68,0.016257283174329333,0.010921495035290718,0.9685354160000088,1847.841796875
3407,69,0.016480776791771252,0.0118391253054142,0.941743740999982,1847.841796875
3407,70,0.015417516955898868,0.011022270657122135,0.9548593759999449,1847.841796875
3407,71,0.015539971697661612,0.010891472920775414,0.9415363119999256,1847.841796875
3407,72,0.014771427752243148,0.010960359126329422,0.9340392689999817,1847.841796875
3407,73,0.017717019861771002,0.010422303341329098,0.9545660950000183,1847.841796875
3407,74,0.013955690691040622,0.010549797676503658,0.9277237459999697,1847.841796875
3407,75,0.014318393284661902,0.010378851555287838,0.9760289960000819,1847.841796875
3407,76,0.014141416487594446,0.009745434857904911,0.9515073890000849,1847.841796875
3407,77,0.01356458394891686,0.01090090163052082,0.9429503699999486,1847.841796875
3407,78,0.012948584277182817,0.01044963113963604,0.9366796670000213,1847.841796875
3407,79,0.012209010595041845,0.010273860767483711,0.9567450129999315,1847.841796875
3407,80,0.011601477499223418,0.010143096558749676,0.9286755620000804,1847.841796875
7777,1,0.20823293096489376,0.09511559456586838,0.9719073669999716,1847.841796875
7777,2,0.1755063533782959,0.08662328869104385,0.9871260769999708,1847.841796875
7777,3,0.15742895834975773,0.0764661580324173,0.9627465059999167,1847.841796875
7777,4,0.14251677691936493,0.07016324996948242,0.9655140819999133,1847.841796875
7777,5,0.12748035540183386,0.06485159695148468,0.9486845480000738,1847.841796875
7777,6,0.1208714817961057,0.06048302724957466,0.9429583749999892,1847.841796875
7777,7,0.11390653832091226,0.055875521153211594,0.957248140000047,1847.841796875
7777,8,0.10413309683402379,0.050993822515010834,0.9414621700000225,1847.841796875
7777,9,0.098369595905145,0.04690011590719223,0.9793033109999669,1847.841796875
7777,10,0.0889817447298103,0.043378494679927826,0.9377532729999984,1847.841796875
7777,11,0.08576598929034339,0.040665846318006516,0.9370818390000295,1847.841796875
7777,12,0.07824222577942742,0.03820880502462387,0.9409480240000221,1847.841796875
7777,13,0.07530490391784245,0.03550286963582039,0.9535681309999973,1847.841796875
7777,14,0.07302055383721988,0.03362680971622467,0.9415073290000464,1847.841796875
7777,15,0.06851313428746329,0.03104165568947792,0.9802291370000376,1847.841796875
7777,16,0.06310596855150329,0.029114093631505966,0.9627829279999105,1847.841796875
7777,17,0.06022184466322263,0.027219204232096672,0.9731314929999826,1847.841796875
7777,18,0.055688120838668614,0.025485433638095856,0.9876222320000352,1847.841796875
7777,19,0.05519641563296318,0.02425530180335045,0.9948360149999189,1847.841796875
7777,20,0.05181597504350874,0.02274506539106369,0.9750452139999197,1847.841796875
7777,21,0.048709555632538266,0.02255680412054062,0.9562079349999522,1847.841796875
7777,22,0.04927672156029277,0.020425325259566307,0.9487405369999351,1847.841796875
7777,23,0.04441745620634821,0.021338872611522675,0.9660947900000565,1847.841796875
7777,24,0.04552627685997221,0.019236303865909576,0.9678545699999859,1847.841796875
7777,25,0.042517067243655525,0.019572345539927483,0.995722980000096,1847.841796875
7777,26,0.041461248985595174,0.017700785771012306,1.0185953990001053,1847.841796875
7777,27,0.04004017015298208,0.017415160313248634,0.9808707939999977,1847.841796875
7777,28,0.038047162608967885,0.016282686963677406,0.9910574799999949,1847.841796875
7777,29,0.03808810313542684,0.017810121178627014,0.976941393000061,1847.841796875
7777,30,0.03619388801356157,0.015178202651441097,0.9885947499999475,1847.841796875
7777,31,0.034335615734259285,0.015839936211705208,0.998865109999997,1847.841796875
7777,32,0.03321512291828791,0.01550015714019537,1.0019866640000146,1847.841796875
7777,33,0.03199486600028144,0.014428872615098953,1.0016474939999398,1847.841796875
7777,34,0.03243400156497955,0.014711770229041576,0.9860998760000257,1847.841796875
7777,35,0.03220241620308823,0.014258597046136856,0.9711209660000577,1847.841796875
7777,36,0.0317464472932948,0.015137230046093464,0.9972602469999856,1847.841796875
7777,37,0.03047264160381423,0.013715832494199276,0.9808574720000252,1847.841796875
7777,38,0.029864303767681122,0.014119530096650124,0.9664435849999791,1847.841796875
7777,39,0.02707079342669911,0.013684983365237713,0.9881740690000242,1847.841796875
7777,40,0.029134649369451735,0.013284833170473576,0.9497176630000013,1847.841796875
7777,41,0.026441901922225952,0.01346669439226389,0.9683826390000831,1847.841796875
7777,42,0.02431092494063907,0.013737875036895275,0.9516694100000223,1847.841796875
7777,43,0.024142513155109353,0.014435823075473309,0.9687684010000339,1847.841796875
7777,44,0.023800941391123667,0.012864820659160614,0.9619263020000517,1847.841796875
7777,45,0.023977584929929838,0.013507368974387646,0.9774788830000034,1847.841796875
7777,46,0.022359172503153484,0.012987625785171986,0.9466174020000153,1847.841796875
7777,47,0.023145925460590258,0.013789265416562557,0.9622561669999641,1847.841796875
7777,48,0.023230381309986115,0.015625551342964172,0.9803508630000124,1847.841796875
7777,49,0.021051373332738876,0.012313532643020153,0.9618917739999233,1847.841796875
7777,50,0.021203257246977754,0.012390179559588432,0.9511549830000376,1847.841796875
7777,51,0.01950622018840578,0.0130176255479455,0.9379298920000565,1847.841796875
7777,52,0.018455834955804877,0.01369631290435791,0.9595044599999483,1847.841796875
7777,53,0.018425169297390513,0.01246070396155119,0.9705803100000594,1847.841796875
7777,54,0.018627726576394506,0.012710459530353546,0.9690184440000849,1847.841796875
7777,55,0.016823506603638332,0.012536409310996532,0.9831438060000437,1847.841796875
7777,56,0.01619043118423886,0.011996404267847538,0.9549895299999207,1847.841796875
7777,57,0.018207088630232546,0.013409730978310108,0.9536560239999972,1847.841796875
7777,58,0.016195790893915627,0.013335095718502998,0.9732480509999277,1847.841796875
7777,59,0.015820272266864777,0.011861101724207401,0.9599448830000483,1847.841796875
7777,60,0.015121287976702055,0.011940590105950832,0.9577438259999553,1847.841796875
7777,61,0.014921401782582203,0.011874346993863583,0.977406889000008,1847.841796875
7777,62,0.014687637177606424,0.012273997999727726,0.9535234329999867,1847.841796875
7777,63,0.013899295694298215,0.012417337857186794,0.9752542559999711,1847.841796875
7777,64,0.014383576810359955,0.012733218260109425,0.9584672810000257,1847.841796875
7777,65,0.01548709880767597,0.011762863025069237,0.9638676659999419,1847.841796875
7777,66,0.012665440794080496,0.011471492238342762,0.95875095100007,1847.841796875
7777,67,0.013231613569789462,0.01211098674684763,0.9524581750000607,1847.841796875
7777,68,0.01238185389795237,0.011766479350626469,0.9609684399999878,1847.841796875
7777,69,0.01146796697543727,0.012095212936401367,0.9582898779999596,1847.841796875
7777,70,0.01135265858223041,0.011941480450332165,0.9767773620000071,1847.841796875
7777,71,0.013371202473839125,0.011410143226385117,0.9744991830000345,1847.841796875
7777,72,0.012079603504389524,0.012445399537682533,0.9639591060000612,1847.841796875
7777,73,0.010527887381613255,0.011219074949622154,0.954993337000019,1847.841796875
7777,74,0.010468308813869953,0.011271694675087929,0.9455742690000761,1847.841796875
7777,75,0.01034342104362117,0.010986605659127235,0.9582157390000248,1847.841796875
7777,76,0.0107365433488869,0.011359252966940403,0.9607620700001007,1847.841796875
7777,77,0.009773254446271393,0.011452671140432358,0.9656131439999172,1847.841796875
7777,78,0.01017295530376335,0.011580810882151127,0.9630894040000157,1847.841796875
7777,79,0.008601637453668647,0.012683195993304253,0.960202124000034,1847.841796875
7777,80,0.008485574016554488,0.01195183303207159,0.9447694740000543,1847.841796875
